orgnr;komnr;bygg_for_kg;bygg_sakorn_kg;erter_for_kg;erter_sakorn_kg;havre_for_kg;havre_sakorn_kg;hvete_for_kg;hvete_mat_kg;hvete_sakorn_kg;oljefro_kg;oljefro_sakorn_kg;rug_for_kg;rug_mat_kg;rug_sakorn_kg;rughvete_for_kg;rughvete_sakorn_kg
811555762;5028;22194;0;0;0;0;0;0;0;0;0;0;0;0;0;0;0
811580082;1124;4436;0;0;0;0;0;0;0;0;0;0;0;0;0;0;0
811840122;3007;0;0;0;0;0;0;15686;0;0;0;0;0;0;0;0;0
811840122;3305;0;0;0;0;0;0;47773;143859;0;0;0;0;0;0;0;0
811935662;3014;0;0;0;0;0;0;23770;0;0;0;0;0;0;0;0;0
812265962;3016;0;0;0;0;13398;0;0;0;0;0;0;0;0;0;0;0
812265962;3120;0;0;0;0;0;0;45291;0;0;0;0;0;0;0;0;0
812420232;3442;131048;0;0;0;0;0;0;0;0;0;0;0;0;0;0;0
812530542;3036;13161;0;0;0;21663;0;0;0;0;0;0;0;0;0;0;0
812686992;3014;0;0;0;0;0;78006;0;0;19173;0;0;0;0;0;0;0
812686992;3006;0;0;0;0;0;0;2274;0;0;0;0;0;0;0;68635;0
812746642;5007;19627;0;0;0;0;0;0;0;0;0;0;0;0;0;0;0
812856472;3228;66268;0;0;0;0;0;0;0;0;0;0;0;0;0;0;0
812856472;3034;13230;0;0;0;0;0;0;0;0;0;0;0;0;0;0;0
812862952;3807;0;0;0;0;0;0;0;13860;0;0;0;0;0;0;0;0
812888102;3413;0;259166;0;0;0;0;0;0;0;0;0;0;0;0;0;0
812992112;3207;0;0;0;0;0;0;72351;0;0;0;0;0;0;0;0;0
812992252;3054;63924;0;0;0;0;0;0;0;0;0;0;0;0;0;0;0
812994492;3401;145135;0;0;0;39695;0;0;0;0;0;0;0;0;0;0;0
812997092;3446;70476;0;0;0;13532;0;0;0;0;0;0;0;0;0;0;0
812999192;3411;173809;0;28299;0;23112;0;47659;0;0;0;0;0;0;0;0;0
813002302;3803;0;0;0;0;0;0;71012;149193;0;52032;0;0;0;0;0;0
813002302;3905;0;0;0;0;0;0;0;0;0;0;0;0;0;0;0;0
813007762;5059;49444;0;0;0;0;0;0;0;0;0;0;0;0;0;0;0
813011182;1119;17556;0;0;0;0;0;0;0;0;0;0;0;0;0;0;0
813024462;3005;0;0;0;0;0;0;34362;0;0;0;0;0;0;0;0;0
813041642;3228;122496;0;0;0;111591;0;46252;0;0;0;0;0;0;0;0;0
813121522;5006;10431;0;0;0;0;0;0;0;0;0;0;0;0;0;0;0
813203782;3805;22620;0;0;0;0;0;0;0;0;0;0;0;0;0;0;0
813222892;3038;24520;0;0;0;0;0;11464;0;0;0;0;0;0;0;0;0
813250802;3001;0;0;53862;0;0;0;0;0;0;0;0;0;0;0;0;0
813394952;5006;142328;0;0;0;0;0;96844;30326;0;0;0;0;0;0;0;0
813520842;3048;0;0;0;0;0;0;13088;31833;0;0;0;0;0;0;0;0
813524732;5035;79728;0;0;0;0;0;0;0;0;0;0;0;0;0;0;0
813806762;3446;67306;0;0;0;45918;0;0;0;0;0;0;0;0;0;0;0
813865122;3419;0;0;0;0;219094;0;0;0;0;0;0;0;0;0;0;0
813969122;3416;44639;0;0;0;47194;0;0;0;0;0;0;0;0;0;0;0
814065812;5029;43737;0;0;0;0;0;0;0;0;0;0;0;0;0;0;0
814262952;3411;1973;0;0;0;0;0;57158;92218;0;0;0;0;0;0;0;0
814589722;5038;69852;152780;0;0;0;0;0;0;0;0;0;0;0;0;0;0
814591352;5001;52518;0;0;0;26938;0;16392;0;0;0;0;0;0;0;0;0
814635872;4202;0;0;0;0;15005;0;0;0;0;0;0;0;0;0;0;0
814727742;3401;0;0;0;0;30592;0;0;0;0;0;0;0;0;0;0;0
814827402;5006;34870;0;0;0;0;0;0;0;0;0;0;0;0;0;0;0
814874362;3045;0;0;0;0;34247;0;0;0;0;0;0;0;0;0;0;0
814875822;3442;0;600;0;0;0;0;0;0;0;0;0;0;0;0;0;0
814893332;3045;0;0;0;0;14243;0;0;0;0;0;0;0;0;0;0;0
814978982;3030;13037;0;0;0;65574;0;0;0;0;0;0;0;0;0;0;0
815001842;3013;58969;0;0;0;24418;0;0;0;0;0;0;0;0;0;0;0
815182162;3803;0;0;0;0;14246;0;9766;0;0;0;0;0;0;0;0;0
815191242;3807;90560;0;0;0;0;0;0;0;0;8619;0;0;58417;0;0;0
815212142;3014;0;0;0;0;76106;0;10814;0;0;0;0;0;0;0;0;0
815315812;3101;73554;0;0;0;46043;0;67712;0;0;0;0;0;0;0;0;0
815338502;3802;0;0;0;0;11636;0;0;0;0;0;0;0;0;0;0;0
815473132;5038;51577;0;0;0;65573;0;0;0;0;0;0;0;0;0;0;0
815592522;3411;99531;0;0;0;0;0;49626;23929;0;0;0;0;0;0;0;0
815753712;3442;36194;0;0;0;0;0;0;0;0;0;0;0;0;0;0;0
816147182;4202;32336;0;0;0;0;0;0;0;0;0;0;0;0;0;0;0
816489172;3014;46651;0;0;0;42542;0;21766;0;0;24815;0;0;0;0;0;0
816501032;3420;79827;0;0;0;39681;0;0;0;0;0;0;0;0;0;0;0
816567742;3048;0;0;0;0;22510;0;0;0;0;0;0;0;0;0;0;0
816597102;3418;0;0;0;0;32922;0;0;0;0;0;0;0;0;0;0;0
816604052;3045;0;0;0;0;12358;0;54802;0;0;0;0;0;0;0;0;0
816606462;3048;4773;0;0;0;0;0;5303;0;0;0;0;0;0;0;0;0
816627222;5054;21743;0;0;0;0;0;0;0;0;0;0;0;0;0;0;0
816936292;3805;0;0;0;0;12085;0;9887;0;0;0;0;0;0;0;0;0
816966132;3053;5622;0;0;0;0;0;0;0;0;0;0;0;0;0;0;0
817114172;3001;0;0;0;0;0;0;0;0;0;15673;0;0;0;0;0;0
817147682;3028;52147;0;0;0;23789;0;0;0;0;0;0;0;0;0;0;0
817273572;3007;9773;0;0;0;0;0;0;0;0;0;0;0;0;0;0;0
817461492;3446;5616;0;0;0;0;0;0;0;0;0;0;0;0;0;0;0
817773982;3014;0;0;0;0;2204;0;5516;6083;0;0;0;0;0;0;0;0
817773982;3118;0;0;0;0;12948;0;0;0;0;0;0;0;0;0;0;0
818026382;3802;0;0;0;0;0;0;18202;0;0;0;0;0;0;0;0;0
818027672;3033;1180;0;7936;0;33590;0;0;0;0;3341;0;8454;0;0;0;0
818275862;3033;0;0;0;0;19512;0;0;0;0;0;0;0;0;0;0;0
818305842;1119;47884;0;0;0;0;0;0;0;0;0;0;0;0;0;0;0
818415222;5001;66686;0;0;0;20712;0;22172;0;0;3761;0;0;0;0;0;0
818468652;3442;36104;0;0;0;0;0;0;0;102103;0;0;0;0;0;0;0
818637322;3420;18082;0;0;0;0;0;0;0;0;9849;0;0;0;0;0;0
818704542;3034;69175;0;0;0;24607;0;0;0;0;0;0;0;0;0;0;0
818704542;3228;8436;0;0;0;0;0;0;0;0;0;0;0;0;0;0;0
818779682;3411;3667;0;0;0;0;0;0;0;0;0;0;0;0;0;0;0
818825722;3332;0;0;0;0;0;0;10061;0;0;0;0;0;0;0;0;0
818855532;3006;0;0;0;0;24838;0;0;0;0;0;0;0;0;0;0;0
818866852;3026;0;0;0;0;0;0;28356;0;0;0;0;0;0;0;0;0
818898312;3105;40368;0;0;0;14219;0;0;0;0;0;0;0;0;0;0;0
818898312;3003;46695;0;0;0;35789;0;0;0;0;0;0;0;0;0;0;0
818943202;3415;0;0;0;0;8156;0;0;0;0;0;0;0;0;0;0;0
819043132;3004;1599;0;4048;0;0;0;0;0;0;0;0;0;0;0;0;0
819885192;3413;63584;0;0;0;23816;0;13145;0;0;0;0;0;0;0;0;0
819963622;3034;51207;0;0;0;40555;0;0;0;0;0;0;0;0;0;0;0
819965722;3002;19384;0;0;0;10106;0;0;93636;0;37477;0;0;0;0;0;0
820059522;5007;17593;0;0;0;0;0;0;0;0;0;0;0;0;0;0;0
820156552;5006;23425;0;0;0;25127;0;0;0;0;0;0;0;0;0;0;0
820181352;5037;41357;0;0;0;0;0;0;0;0;0;0;0;0;0;0;0
820182502;5037;55594;0;0;0;0;0;0;0;0;0;0;0;0;0;0;0
820236912;3413;149712;0;0;0;0;0;38784;0;0;0;0;0;0;0;0;0
820320662;3419;98662;0;0;0;113360;0;0;0;0;0;0;0;0;0;0;0
820326792;3303;0;0;0;0;7102;0;0;0;0;0;0;0;0;0;0;0
820326792;3006;0;0;0;0;18303;0;0;0;0;0;0;0;0;0;0;0
820745442;3415;331334;0;0;0;167571;0;0;0;0;0;0;0;0;0;0;0
820802322;3003;91580;0;0;0;0;0;0;0;0;10331;0;0;0;0;0;0
820823192;5001;59144;0;0;0;0;0;0;0;0;0;0;0;0;0;0;0
820876792;3038;0;0;0;0;0;0;40822;28802;0;0;0;0;0;0;0;0
821002702;3228;42192;0;0;0;15871;0;0;0;0;0;0;0;0;0;0;0
821002702;3034;102748;0;0;0;82483;0;0;0;0;0;0;0;0;0;0;0
821027292;3804;46925;0;0;0;74168;0;28715;15187;0;0;0;0;0;0;0;0
821227062;3816;0;0;0;0;8694;0;33514;0;0;0;0;0;0;0;0;0
821335922;3411;85360;0;0;0;8990;0;0;0;0;0;0;0;0;0;0;0
821640822;3014;22240;0;0;0;38848;0;0;0;0;0;0;0;0;0;0;0
821975042;3443;82316;0;0;0;0;0;0;0;0;0;0;0;0;0;0;0
822074782;5006;212587;0;0;0;55860;0;14035;0;0;0;0;0;0;0;0;0
822084532;3413;58629;0;0;0;33525;0;0;0;0;0;0;0;0;0;0;0
822179932;3014;50484;0;0;0;0;0;0;0;0;0;0;0;0;0;0;0
822208622;3416;4628;0;0;0;6911;0;0;0;0;0;0;0;0;0;0;0
822266002;3120;0;0;0;0;0;0;0;0;0;0;0;0;0;0;0;0
822266002;3016;55863;0;0;0;27540;0;40674;33779;0;23083;0;0;0;0;0;0
822304982;3446;5164;0;0;0;0;0;0;0;0;0;0;0;0;0;0;0
822306012;3003;14115;0;0;0;0;0;0;0;0;0;0;0;0;0;0;0
822877982;301;0;0;0;0;36503;0;0;0;0;0;0;0;0;0;0;0
822942202;3812;0;0;0;0;2210;0;7756;0;0;0;0;0;0;0;0;0
822945252;3442;176884;0;0;0;0;0;0;0;0;0;0;0;0;0;0;0
823228082;5006;24034;0;0;0;0;0;0;0;0;0;0;0;0;0;0;0
823358172;3446;0;0;0;0;11449;0;0;0;0;0;0;0;0;0;0;0
823532822;3240;94355;0;0;0;0;0;0;0;0;0;0;0;0;0;0;0
823532822;3035;7281;0;0;0;0;0;0;0;0;0;0;0;0;0;0;0
823620152;3016;86063;0;0;0;0;0;13076;121788;0;0;0;0;0;0;0;0
824357242;3411;98393;0;0;0;0;0;86160;0;0;39803;0;0;0;0;0;0
824362602;5006;26495;0;0;0;0;0;0;0;0;0;0;0;0;0;0;0
824433372;3030;27089;0;0;0;77553;0;0;0;0;0;0;0;0;0;0;0
824450242;3442;29673;0;0;0;0;0;0;0;0;0;0;0;0;0;0;0
824571872;3014;0;0;0;0;67969;0;21091;0;0;0;0;0;0;0;0;0
824571872;3118;0;0;0;0;30846;0;22623;0;0;0;0;0;0;0;0;0
824621292;3804;0;0;0;0;0;0;20064;0;0;0;0;0;0;0;0;0
824765022;3418;83626;3600;0;0;33457;1840;12477;12323;1200;0;0;0;0;0;0;0
824792852;3048;18348;0;0;0;0;0;7589;0;0;0;0;0;0;0;0;0
824912092;5028;24141;0;0;0;0;0;0;0;0;0;0;0;0;0;0;0
825007512;3412;12013;0;0;0;0;0;0;0;0;0;0;0;0;0;0;0
825159142;5028;5333;0;0;0;0;0;0;0;0;0;0;0;0;0;0;0
825421262;5057;42110;0;0;0;17730;0;0;0;0;0;0;0;0;0;0;0
825527362;3442;97613;0;0;0;9244;0;0;0;0;0;0;0;0;0;0;0
826067012;5059;18006;0;0;0;0;0;0;0;0;0;0;0;0;0;0;0
826113782;5006;117318;0;0;0;0;0;0;0;0;0;0;0;0;0;0;0
826117702;3014;71746;0;0;0;7571;0;0;0;0;0;0;0;0;0;0;0
826289112;3013;0;0;0;0;74255;0;0;21379;0;0;0;0;0;0;0;0
826342382;3801;29760;0;0;0;6339;0;42032;0;0;0;0;0;0;0;0;0
826424052;3305;0;0;0;0;0;0;14672;33948;0;0;0;0;0;0;0;0
826457082;5028;147900;0;0;0;44068;0;0;0;0;0;0;0;0;0;0;0
826499842;3047;0;0;0;0;30355;0;0;0;0;0;0;0;0;0;0;0
826709162;3905;18461;0;0;0;0;0;0;0;0;0;0;0;0;0;0;0
826841192;3003;0;0;0;0;15744;0;38882;0;0;0;0;0;0;0;0;0
827170062;3303;0;0;0;0;30529;0;0;0;0;0;0;0;0;0;0;0
827530042;3228;214656;0;0;0;0;0;0;0;0;0;0;0;0;0;0;0
827696412;5001;16736;0;0;0;0;0;0;0;0;0;0;0;0;0;0;0
827821802;3001;0;0;0;0;0;0;7753;0;0;0;0;0;0;0;0;0
827965812;5054;17490;0;0;0;0;0;0;0;0;0;0;0;0;0;0;0
828050532;3403;54586;0;0;0;0;0;0;0;0;0;0;0;0;0;0;0
828157582;5006;92900;0;0;0;0;0;0;0;0;0;0;0;0;0;0;0
828523902;3802;60067;0;0;0;0;0;0;0;0;0;0;0;0;0;0;0
828580272;3419;192031;0;0;0;458962;0;0;0;0;0;0;0;0;0;0;0
828834282;3416;0;0;0;0;25526;0;0;0;0;0;0;0;0;0;0;0
829021382;5058;5174;0;0;0;0;0;0;0;0;0;0;0;0;0;0;0
829220342;3025;0;0;0;0;12444;0;0;0;0;0;0;0;0;0;0;0
829231522;3005;0;0;0;0;0;0;39531;0;0;0;0;0;0;0;3398;0
829321882;3034;0;0;0;0;1601;0;0;0;0;0;0;0;0;0;0;0
829450852;5035;70837;0;0;0;0;0;0;0;0;0;0;0;0;0;0;0
829515342;5053;46956;0;0;0;0;0;0;0;0;0;0;0;0;0;0;0
829571242;3442;18472;0;0;0;0;0;0;0;0;0;0;0;0;0;0;0
829797992;3017;0;0;0;0;5029;0;0;0;0;0;0;0;0;0;0;0
830055592;3004;26355;0;57419;0;11520;0;0;0;0;0;0;0;0;0;0;0
830131612;3034;10751;0;0;0;0;0;0;0;0;0;0;0;0;0;0;0
830157182;3120;0;0;0;0;21465;0;55856;0;0;0;0;0;0;0;0;0
830297952;3909;0;0;0;0;0;0;23451;13123;0;0;0;0;0;0;0;0
830297952;3805;7002;0;0;0;0;0;8439;19794;0;15316;0;0;52437;0;0;0
830303022;5001;91041;0;0;0;0;0;0;0;0;0;0;0;0;0;0;0
830513582;3048;20315;0;0;0;53435;0;0;0;0;0;0;0;0;0;0;0
830533702;3014;0;0;0;0;14403;0;24102;0;0;0;0;0;0;0;0;0
830598502;3805;21568;0;0;0;0;0;0;0;0;0;0;0;0;0;0;0
830618082;3443;11915;0;0;0;0;0;0;0;0;0;0;0;0;0;0;0
830620702;3442;52831;0;0;0;0;0;0;0;0;0;0;0;0;0;0;0
830661212;3039;0;0;0;0;29552;0;0;0;0;0;0;0;0;0;0;0
830690972;5036;49032;0;0;0;0;0;0;0;0;0;0;0;0;0;0;0
830775382;3001;24882;0;0;0;11491;0;0;0;0;0;0;0;0;0;0;0
830775382;3101;75149;0;0;0;42044;0;0;0;0;0;0;0;0;0;0;0
830794972;5001;52529;0;0;0;0;0;0;0;0;0;0;0;0;0;0;0
831037202;3004;53879;0;0;0;0;0;0;0;0;0;0;0;0;0;0;0
831207752;3802;35080;0;0;0;0;0;40109;54058;0;17694;0;13869;0;0;0;0
831600462;3332;0;0;0;0;40652;0;7031;0;0;0;0;0;0;0;0;0
832732532;3805;9383;0;0;0;0;0;0;0;0;0;0;0;0;0;0;0
841449002;3003;0;0;0;0;16982;0;0;0;0;0;0;0;0;0;0;0
855607352;3045;0;0;0;0;32291;0;0;0;0;0;0;0;0;0;0;0
855619172;3443;191720;0;0;0;21337;0;0;0;0;0;0;0;0;0;0;0
856406792;3006;21992;0;0;0;44629;0;0;0;0;0;0;0;0;0;0;0
863373662;3025;0;0;0;0;0;0;0;0;0;0;0;9812;0;0;0;0
865024312;3803;0;0;0;0;0;0;41652;0;0;0;0;0;0;0;0;0
869054712;3016;72191;0;0;0;20970;0;227469;34178;0;0;0;0;0;0;0;0
869090042;3007;0;0;0;0;20864;0;0;0;0;0;0;0;0;0;0;0
869090972;3003;3833;0;0;0;0;0;0;11169;0;0;0;0;0;0;0;0
869091022;3020;49094;0;0;0;0;97016;0;0;0;0;0;0;0;0;0;0
869091502;3001;0;0;0;0;1051;0;22804;0;0;0;0;0;0;0;0;0
869091782;3003;21986;0;0;0;0;0;27214;0;0;0;0;0;0;0;0;0
869092762;3015;7498;0;0;0;0;0;0;0;0;0;0;0;0;0;0;0
869093262;3018;82142;0;0;0;0;0;54730;0;0;0;0;0;0;0;0;0
869096822;3035;72036;0;0;0;10538;0;11583;0;0;0;0;0;0;0;0;0
869097632;3034;125157;0;0;0;122899;0;93938;0;0;0;0;0;0;0;0;0
869097942;3034;56712;0;0;0;34265;0;0;0;0;0;0;0;0;0;0;0
869097942;3228;0;0;0;0;0;0;8104;0;0;0;0;0;0;0;0;0
869098442;3020;64045;0;0;0;0;0;25033;0;0;0;0;0;0;0;0;0
869098892;3034;0;0;0;0;0;0;64738;0;0;0;0;19464;0;0;0;0
869099252;3030;0;0;0;0;12090;0;0;0;0;0;0;0;0;0;0;0
869099252;3205;100815;0;0;0;117386;0;0;0;0;0;0;0;0;0;0;0
869099422;3034;172687;0;0;0;247079;0;55220;0;0;0;0;0;0;0;0;0
869100102;3019;4477;0;0;0;0;0;15859;0;0;0;0;0;0;0;20384;0
869100382;3019;59498;0;0;0;25955;0;34169;0;0;0;0;0;0;0;0;0
869100722;3816;0;0;0;0;0;28144;0;0;0;0;0;0;0;0;0;0
869104922;3417;0;0;0;0;0;1600;0;0;0;0;0;0;0;0;0;0
869104922;3418;101138;0;0;0;87650;0;0;0;0;0;0;0;0;0;0;0
869105732;3411;0;0;0;0;0;0;0;0;160519;0;0;0;0;0;0;0
869106542;3413;73271;0;0;0;0;0;63902;0;0;0;0;0;0;0;0;0
869106992;3416;15807;0;0;0;21558;0;0;0;0;0;0;11970;0;0;0;0
869108332;3413;155845;0;0;0;6346;0;0;0;0;0;0;0;0;0;0;0
869108642;3424;115061;0;0;0;20957;0;0;0;0;0;0;0;0;0;0;0
869109002;3412;124218;0;0;0;0;0;0;0;0;0;0;0;0;0;0;0
869109142;3419;60702;0;0;0;114896;0;0;0;0;0;0;0;0;0;0;0
869110752;3447;18096;0;0;0;0;0;0;0;0;0;0;14841;0;0;0;0
869114502;3442;35651;0;0;0;0;0;0;0;3600;0;0;0;0;0;0;0
869117072;3804;5109;0;0;0;0;0;0;0;0;222;0;0;65195;0;0;0
869117242;3804;11412;0;0;0;0;0;15617;0;0;0;0;0;0;0;0;0
869118052;3805;12633;0;0;0;0;0;0;0;0;0;0;0;0;0;0;0
869126802;1535;32593;0;0;0;23688;0;10409;0;0;0;0;0;0;0;0;0
869134112;5058;33006;0;0;0;0;0;0;0;0;0;0;0;0;0;0;0
869135542;5057;709711;0;0;0;46097;0;0;0;0;0;0;0;0;0;0;0
869135992;5029;97034;0;0;0;7183;0;0;0;0;0;0;0;0;0;0;0
869146692;3014;7748;0;0;0;0;0;6207;0;0;0;0;0;0;0;0;0
869147702;3418;371792;1800;0;0;0;0;0;0;0;0;0;0;0;0;0;0
869153672;5037;63283;0;0;0;0;0;0;0;0;0;0;0;0;0;0;0
869155012;5037;197705;0;0;0;0;0;122383;82837;0;0;0;0;0;0;0;0
869162272;3007;0;0;0;0;0;0;40909;0;0;0;0;0;0;0;0;0
869162612;3006;26093;0;0;0;40361;0;0;0;0;0;0;0;0;0;0;0
869175242;3054;1162;0;0;0;0;0;0;0;0;0;0;0;0;0;0;0
869175242;3234;50876;0;0;0;0;0;0;0;0;0;0;0;0;0;0;0
869176532;3035;65171;0;0;0;71114;0;0;0;0;0;0;0;0;0;0;0
869176702;3036;35592;0;0;0;67948;0;0;0;0;0;0;0;0;0;0;0
869176842;3033;0;0;0;0;25910;0;0;0;0;0;0;0;0;0;0;0
869181722;5038;36407;0;0;0;0;0;0;0;0;0;0;0;0;0;0;0
869182672;5038;55719;0;0;0;0;0;0;0;0;0;0;0;0;0;0;0
869183032;5053;77684;0;0;0;0;0;0;0;0;0;0;0;0;0;0;0
869184462;5041;60767;0;0;0;0;0;4754;0;0;0;0;0;0;0;0;0
869185752;5006;244346;0;0;0;0;0;0;0;0;0;0;0;0;0;0;0
869188212;3045;40561;0;0;0;0;0;0;0;0;0;0;0;0;0;0;0
869193232;3446;15166;0;0;0;0;0;0;0;0;0;0;0;0;0;0;0
869194352;3443;16757;0;0;0;0;0;0;0;0;0;0;0;0;0;0;0
869198692;3417;166636;0;0;0;0;0;0;0;0;0;0;0;0;0;0;0
869203742;3804;0;0;0;0;28218;0;0;0;0;0;0;0;0;0;0;0
869204862;3804;0;0;0;0;0;0;0;0;0;0;0;12025;0;0;0;0
869206792;3002;213;0;0;0;0;0;0;30513;0;0;0;0;23512;0;0;0
869206792;3103;0;0;0;0;0;0;0;15578;0;0;0;0;34969;0;0;0
869207012;3001;0;0;0;0;23053;0;13709;0;0;0;0;0;0;0;0;0
869207292;3003;11734;0;0;0;0;0;8950;0;0;5332;0;0;0;0;0;0
869214302;3230;0;0;0;0;61573;0;0;0;0;0;0;0;0;0;0;0
869214922;3036;9851;0;0;0;33822;0;0;0;0;0;0;0;0;0;0;0
869217352;3443;63609;0;0;0;0;0;0;0;0;0;0;0;0;0;0;0
869220612;5035;45365;0;0;0;0;0;0;0;0;0;0;0;0;0;0;0
869223522;3817;0;0;0;0;14065;0;45830;0;0;0;0;0;0;0;0;0
869223522;4020;0;0;0;0;0;0;6223;0;0;0;0;0;0;0;0;0
869234052;3040;0;0;0;0;9102;0;0;0;0;0;0;0;0;0;0;0
869240702;3014;109685;0;0;0;0;0;136558;0;0;0;0;0;0;0;0;0
869241172;3120;2593;0;0;0;0;0;0;0;0;0;0;0;0;0;0;0
869241172;3016;34375;0;0;0;0;0;0;0;0;0;0;0;0;0;0;0
869243752;3417;205180;0;0;0;58863;0;0;0;0;0;0;0;0;0;0;0
869246522;3417;57101;0;0;0;220509;0;0;0;0;0;0;0;0;0;0;0
869249882;3817;0;0;0;0;25969;0;0;0;0;0;0;0;0;0;0;0
869251232;3053;44605;0;0;0;24846;0;24235;0;0;0;0;0;0;0;0;0
869254762;3030;0;0;0;0;23327;0;0;0;0;0;0;0;0;0;0;0
869256722;5047;63133;0;0;0;0;0;0;0;0;0;0;0;0;0;0;0
869258822;5057;277967;0;0;0;0;0;0;0;0;0;0;0;0;0;0;0
869272132;3805;3826;0;0;0;35317;0;44218;0;0;0;0;0;0;0;0;0
869274852;3905;24153;0;0;0;0;0;0;0;0;0;0;0;0;0;0;0
869274852;3803;4213;0;0;0;0;0;0;0;0;0;0;0;0;0;0;0
869281212;3418;0;12600;0;0;64982;3600;0;0;0;0;0;0;0;0;0;0
869282952;3101;217159;0;0;0;0;0;0;0;0;0;0;0;0;0;0;0
869282952;3001;0;0;0;0;0;0;0;0;0;0;0;0;0;0;0;0
869283312;3002;0;0;0;0;0;0;26356;0;0;0;0;0;0;0;0;0
869286222;3006;0;0;0;0;14168;0;0;0;0;0;0;0;0;0;0;0
869286842;3034;28449;0;0;0;0;0;0;0;0;0;0;0;0;0;0;0
869293792;5006;172948;0;0;0;0;0;0;0;0;0;0;0;0;0;0;0
869296112;3442;16496;205203;45969;0;0;0;0;0;0;0;0;0;0;0;0;0
869312622;3423;65006;0;0;0;0;0;0;0;0;0;0;0;0;0;0;0
869314412;3401;0;0;0;0;8134;0;0;0;0;0;0;0;0;0;0;0
869322652;3437;29581;0;0;0;0;0;0;0;0;0;0;0;0;0;0;0
869325392;5060;2530;0;0;0;0;0;0;0;0;0;0;0;0;0;0;0
869325732;5035;14581;0;0;0;0;0;0;0;0;0;0;0;0;0;0;0
869326232;5037;9794;0;0;0;0;0;0;0;0;0;0;0;0;0;0;0
869327832;3819;3416;0;0;0;0;0;0;0;0;0;0;0;0;0;0;0
869328502;3816;0;0;0;0;94901;0;0;0;0;0;0;0;0;0;0;0
869336912;3427;16611;0;0;0;0;0;0;0;0;0;0;0;0;0;0;0
869337412;3021;36266;0;0;0;39421;0;81748;0;0;11215;0;0;0;0;0;0
869337722;3035;37091;0;0;0;0;0;0;0;0;0;0;0;0;0;0;0
869338222;3019;11096;0;0;0;13081;0;0;0;0;0;0;0;0;0;0;0
869346942;3018;0;0;0;0;23703;0;1659;0;0;0;0;0;0;0;0;0
869348392;3047;0;0;0;0;15946;0;7257;0;0;0;0;0;0;0;0;0
869349372;3025;0;0;0;0;0;0;15786;0;0;0;0;0;0;0;0;0
869349402;3025;0;0;0;0;5821;0;0;0;0;0;0;0;0;0;0;0
869350842;3805;61497;0;0;0;0;0;22281;0;0;0;0;0;0;0;0;0
869357642;3419;0;0;0;0;30779;0;0;0;0;0;0;0;0;0;0;0
869364282;5006;43762;0;0;0;0;0;0;0;0;0;0;0;0;0;0;0
869366072;3019;65059;0;0;0;0;0;35890;0;0;0;0;0;0;0;32365;0
869367672;3817;39091;0;0;0;0;0;0;0;0;0;0;0;0;0;0;0
869377392;5029;23421;0;0;0;0;0;0;0;0;0;0;0;0;0;0;0
869387282;3014;6582;46037;0;0;7428;84948;0;0;0;0;0;0;0;0;0;0
869387282;3118;0;0;0;0;0;0;0;64984;0;0;0;0;0;0;0;0
869388092;3007;132361;0;0;0;0;0;84050;30917;0;0;0;0;0;0;0;0
869389072;3318;0;0;0;0;39615;0;0;0;0;0;0;0;0;0;0;0
869389722;5059;29742;0;0;0;0;0;0;0;0;0;0;0;0;0;0;0
869390712;5057;110943;0;0;0;0;0;0;0;0;0;0;0;0;0;0;0
869401242;1539;17485;0;0;0;0;0;0;0;0;0;0;0;0;0;0;0
869426482;3120;0;0;0;0;0;0;44071;0;0;0;0;0;0;0;0;0
869426482;3016;60890;0;0;0;20445;0;0;0;0;0;0;0;0;0;0;0
869427942;3205;61133;0;0;0;41217;0;40622;30148;0;0;0;0;0;0;0;0
869446262;3013;40879;0;0;0;12583;0;0;0;0;0;0;0;0;0;0;0
869447102;3016;27886;0;0;0;22670;0;0;0;0;0;0;0;0;0;0;0
869463442;3038;0;0;0;0;5819;0;0;0;0;0;0;0;0;0;0;0
869465992;3007;0;0;0;0;0;0;771;0;0;0;0;0;0;0;0;0
869469262;5007;39915;0;0;0;12976;0;0;0;0;0;0;0;0;0;0;0
869483982;1557;23994;0;0;0;0;0;0;0;0;0;0;0;0;0;0;0
869494542;3407;26549;0;0;0;0;0;0;0;0;0;0;0;0;0;0;0
869502812;1103;103716;0;0;0;0;0;0;0;0;0;0;0;0;0;0;0
869506672;3403;0;0;0;0;15144;0;6570;0;0;0;0;0;0;0;11474;0
869507172;3418;185575;6600;0;0;29308;5000;0;0;0;0;0;0;0;0;0;0
869511102;3420;23744;0;0;0;31144;0;0;0;0;0;0;0;0;0;0;0
869520462;5057;129382;0;0;0;0;0;0;0;0;0;0;0;0;0;0;0
869529362;3003;0;0;0;0;0;0;0;0;0;0;0;0;0;0;0;0
869531812;3001;20445;0;0;0;0;0;0;0;0;0;0;10504;0;0;22706;0
869531812;3101;0;0;0;0;4795;0;0;0;0;0;0;0;0;0;0;0
869532452;3014;43824;0;0;0;0;0;0;0;0;0;0;0;0;0;0;0
869533122;3016;58203;0;0;0;24593;0;0;54964;0;0;0;0;0;0;8189;0
869533122;3120;0;0;0;0;0;0;0;13368;0;0;0;0;0;0;0;0
869535982;3034;83652;0;0;0;0;0;0;0;0;0;0;0;0;0;0;0
869541842;3418;0;1200;0;0;0;600;0;0;0;0;0;0;0;0;0;0
869553212;3048;0;0;0;0;0;0;62261;0;0;0;0;0;0;0;0;0
869559172;3805;0;0;0;0;0;0;6458;0;0;0;0;0;24714;0;0;0
869561002;3804;0;0;0;0;4647;0;0;0;0;0;0;0;0;0;0;0
869561622;3907;0;0;0;0;0;0;0;0;0;0;0;0;0;0;0;0
869561622;3804;45516;0;0;0;0;0;97375;4532;0;30200;0;0;0;0;1971;0
869562432;3803;5335;0;0;0;5620;0;7009;0;0;0;0;0;0;0;0;0
869562432;3905;0;0;0;0;0;0;0;16789;0;0;0;0;0;0;0;0
869605352;5053;15417;0;0;0;0;0;0;0;0;0;0;0;0;0;0;0
869619922;3014;0;0;0;0;27026;0;0;0;0;0;0;0;0;0;0;0
869620122;3120;208837;0;0;0;106491;0;7348;159825;0;0;0;0;0;0;0;0
869620122;3016;0;0;44811;0;0;0;490;0;0;0;0;0;0;0;0;0
869635812;5031;47902;0;0;0;0;0;0;0;0;0;0;0;0;0;0;0
869641502;5053;99681;0;0;0;32338;0;0;0;0;0;0;0;0;0;0;0
869641952;5006;45809;0;0;0;65027;0;0;0;0;0;0;0;0;0;0;0
869642142;5053;67016;0;0;0;0;0;0;0;0;0;0;0;0;0;0;0
869669482;5057;37177;0;0;0;30723;0;0;0;0;0;0;0;0;0;0;0
869672122;5028;18095;0;0;0;0;0;0;0;0;0;0;0;0;0;0;0
869674532;5001;39410;0;0;0;0;0;0;0;0;0;0;0;0;0;0;0
869683442;5028;13706;0;0;0;0;0;0;0;0;0;0;0;0;0;0;0
869690252;5035;18237;0;0;0;24682;0;0;0;0;0;0;0;0;0;0;0
869696382;5041;1805;0;0;0;30549;0;0;0;0;0;0;0;0;0;0;0
869728462;3014;0;0;0;0;0;0;117937;0;0;0;0;0;0;0;0;0
869735582;3018;28634;0;0;0;32019;0;27649;0;0;0;0;0;0;0;0;0
869735752;3016;0;0;0;0;0;0;480;0;0;0;0;0;0;0;0;0
869735752;3120;138610;0;0;0;91627;0;59210;131758;0;0;0;0;0;0;0;0
869738042;3016;97337;0;0;0;0;0;0;0;0;0;0;0;0;0;0;0
869741892;3442;9299;0;0;0;0;0;0;0;0;0;0;0;0;0;0;0
869742902;3442;11463;0;0;0;19398;0;0;0;0;0;0;0;0;0;0;0
869746002;3442;20403;0;0;0;0;0;0;0;0;0;0;0;0;0;0;0
869746932;3443;28533;0;0;0;0;0;7127;0;0;0;0;0;0;0;0;0
869747432;3447;12273;0;0;0;11941;0;0;0;0;0;0;0;0;0;0;0
869755362;3443;90599;0;0;0;0;0;0;0;0;0;0;0;0;0;0;0
869774472;3803;0;0;0;0;0;0;0;0;0;0;0;12083;0;0;0;0
869775452;3805;36076;0;0;0;0;0;0;0;0;0;0;0;0;0;0;0
869776912;3805;2965;0;0;0;0;0;0;0;0;0;0;0;0;0;0;0
869779172;3807;8916;0;0;0;0;0;21616;0;0;0;0;0;0;0;0;0
869860042;3030;27096;0;0;0;15183;0;0;0;0;0;0;0;0;0;0;0
869860212;3209;81893;0;0;0;43092;0;0;0;0;0;0;0;0;0;0;0
869860212;3033;0;0;0;0;0;0;0;0;0;1141;0;0;0;0;0;0
869869422;3025;0;0;0;0;0;0;36790;17689;0;8445;0;0;0;0;0;0
869870862;3025;35970;0;0;0;100101;0;26493;0;0;0;0;0;0;0;0;0
869871192;3047;17056;0;0;0;13645;0;0;0;0;0;0;0;0;0;0;0
869872032;3047;12762;0;0;0;0;0;0;0;0;0;0;0;0;0;0;0
869872032;3316;6931;0;0;0;0;0;0;0;0;0;0;0;0;0;0;0
869873322;3047;0;0;0;0;30489;0;0;0;0;0;0;0;0;0;0;0
869882542;3417;40453;0;0;0;57978;0;0;0;0;0;0;0;0;0;0;0
869883492;3418;5548;224651;0;0;0;0;0;0;0;0;0;0;0;0;0;0
869889342;3411;0;116647;0;0;0;0;0;0;0;0;0;0;0;0;0;0
869895962;3417;9882;0;0;0;0;0;0;0;0;0;0;0;0;0;0;0
869897302;3411;18320;0;0;0;0;0;0;0;0;0;0;0;0;0;0;0
869898112;3403;5690;0;0;0;0;0;6144;0;0;0;0;0;0;0;0;0
869921262;3209;0;0;0;0;75441;0;0;0;0;0;0;0;0;0;0;0
869921262;3033;46435;0;27074;0;25700;0;0;0;0;0;0;0;0;0;0;0
869922552;3804;14251;0;0;0;12517;0;15779;0;0;0;0;0;0;0;0;0
869923052;3803;0;0;0;0;61394;0;0;0;0;0;0;0;0;0;0;0
869923052;3905;0;0;0;0;29464;0;0;0;0;0;0;0;0;0;0;0
869928542;3415;0;0;0;0;56223;0;0;0;0;0;0;0;0;0;0;0
869928852;3419;30438;0;0;0;0;0;0;0;0;0;0;0;0;0;0;0
869930032;3413;85268;0;0;0;50222;0;115249;0;0;0;0;0;0;0;0;0
869930512;3418;167355;4800;0;0;19093;0;0;0;0;0;0;0;0;0;0;0
869931772;3804;104014;0;0;0;73025;0;33390;0;0;0;0;0;0;0;25039;0
869932582;3014;23705;0;0;0;41659;0;0;0;0;0;0;0;0;0;0;0
869932612;3001;5299;0;0;0;0;0;0;0;0;88156;0;53249;0;0;0;0
869943452;3048;28807;0;0;0;0;0;0;0;0;0;0;0;0;0;0;0
869943932;3049;0;0;0;0;0;0;24881;0;0;0;0;0;0;0;0;0
869948942;3424;16696;0;0;0;0;0;0;0;0;0;0;0;0;0;0;0
869971472;3413;259918;0;0;0;0;0;0;0;0;0;0;0;0;0;0;0
869976172;3442;212017;0;0;0;0;0;82729;0;0;0;0;0;0;0;0;0
870024762;3014;45614;0;0;0;0;0;0;0;0;0;0;0;0;0;0;0
870048882;3817;0;0;0;0;19398;0;10842;0;0;0;0;0;0;0;0;0
870112602;5028;187522;0;0;0;68164;0;0;0;0;0;0;0;0;0;0;0
870154062;3014;10338;0;0;0;0;0;0;0;0;0;0;0;0;0;0;0
870194412;3030;57265;0;0;0;0;0;0;0;0;0;0;0;0;0;0;0
870227272;3003;0;0;0;0;0;0;0;0;0;0;0;0;0;0;20324;0
870247532;3003;0;0;0;0;37104;0;0;0;0;0;0;0;0;0;0;0
870247842;3116;150417;0;0;0;0;0;214838;0;0;0;0;0;0;0;0;0
870256582;3446;394507;0;0;0;0;0;116091;0;0;0;0;0;0;0;0;0
870271522;3018;28652;0;0;0;1654;0;0;0;0;0;0;0;0;0;0;0
870278632;3314;0;0;0;0;0;0;9631;0;0;0;0;0;0;0;0;0
870286422;3101;0;0;0;0;43492;0;0;0;0;0;0;0;0;0;0;0
870291612;3026;9842;0;0;0;0;0;0;0;0;0;0;0;0;0;0;0
870305192;3017;13951;0;0;0;14985;0;0;27424;0;0;0;0;0;0;0;0
870305192;3112;137496;0;0;0;0;0;0;0;0;0;0;0;0;0;0;0
870312792;3047;36756;0;0;0;0;0;0;0;0;0;0;0;0;0;0;0
870317832;3415;23785;0;0;0;28971;0;0;0;0;0;0;0;0;0;0;0
870334672;3030;0;0;0;0;17489;0;0;0;0;0;0;0;0;0;0;0
870364822;3442;25530;83190;5354;0;0;0;0;0;0;0;0;0;0;0;0;0
870381832;3014;46132;0;0;0;68176;0;54283;0;0;0;0;0;0;0;0;0
870390262;3033;0;0;0;0;0;0;4539;0;0;0;0;0;0;0;0;0
870390262;3209;21367;0;0;0;48119;0;0;0;0;0;0;0;0;0;0;0
870392672;3002;19866;0;12962;0;0;0;0;0;0;0;0;0;0;0;49066;0
870394802;3419;29297;0;0;0;36238;0;0;0;0;0;0;0;0;0;0;0
870430442;3101;0;0;0;0;3746;0;92287;0;0;0;0;0;0;0;0;0
870430612;3014;23380;0;0;0;0;0;0;5379;0;0;0;0;0;0;19297;0
870458142;3030;0;0;0;0;0;0;46985;0;0;0;0;0;0;0;0;0
870459742;3034;21579;0;0;0;0;0;0;0;0;0;0;0;0;0;0;0
870459742;3228;34385;0;0;0;246608;0;0;0;0;0;0;0;0;0;0;0
870479492;3048;16916;0;0;0;0;0;0;0;0;0;0;0;0;0;0;0
870491042;3025;60772;0;0;0;0;0;19459;0;0;0;0;0;0;0;0;0
870500262;3401;492172;0;0;0;106165;0;0;0;0;0;0;100443;0;0;0;0
870532172;1119;31102;0;0;0;0;0;0;0;0;0;0;0;0;0;0;0
870552122;3816;22505;0;0;0;15355;0;41193;0;0;0;0;0;0;0;0;0
870558732;3418;28123;1800;0;0;67291;3600;0;0;0;0;0;0;0;0;0;0
870564112;3411;76343;18946;0;0;0;0;0;0;0;0;0;0;0;0;0;0
870572042;3417;0;0;0;0;0;0;67085;0;0;0;0;0;0;0;0;0
870572042;3418;0;6000;0;0;0;800;0;0;0;0;0;0;0;0;0;0
870573642;3048;0;0;21915;0;0;0;11307;0;0;0;0;0;0;0;0;0
870589662;1103;132693;0;0;0;27615;0;0;0;0;0;0;0;0;0;0;0
870595832;3420;121019;0;0;0;0;0;0;0;0;0;0;0;0;0;0;0
870600712;3417;0;0;0;0;91109;0;0;0;0;0;0;0;0;0;0;0
870903022;3413;68201;0;0;0;0;0;0;0;0;0;0;0;0;0;0;0
870924402;3035;4559;0;0;0;4641;0;0;0;0;0;0;0;0;0;0;0
870925212;3004;0;0;9281;0;107425;0;64959;0;0;0;0;37416;0;0;0;0
870939272;3107;98761;0;0;0;0;0;28541;0;0;0;0;0;0;0;0;0
870939272;3004;0;0;0;0;0;0;11926;71185;0;0;0;0;0;0;0;0
870990472;3001;60955;0;0;0;0;0;0;0;0;0;0;0;0;0;0;0
870990472;3101;116701;0;0;0;0;0;0;0;0;0;0;0;0;0;0;0
871019002;5054;102037;0;0;0;6184;0;113833;0;0;0;0;0;0;0;0;0
871073872;3124;6677;0;0;0;0;0;0;12956;0;0;0;0;0;0;0;0
871073872;3012;0;0;0;0;0;0;0;0;0;0;0;0;0;0;0;0
871112592;3034;13698;0;0;0;0;0;0;0;0;0;0;0;0;0;16547;0
871139202;3014;199891;0;0;0;48230;0;71436;285532;0;0;0;0;0;0;0;0
871143722;3007;0;0;0;0;28937;0;0;0;0;0;0;0;0;0;0;0
871175942;5006;13219;0;0;0;0;0;0;0;0;0;0;0;0;0;0;0
871188092;3443;33785;0;0;0;0;0;0;0;0;0;0;0;0;0;0;0
871188882;3054;13393;0;0;0;0;0;0;0;0;0;0;0;0;0;0;0
871197792;3014;22319;0;0;0;18260;0;20799;0;0;0;0;0;0;0;0;0
871208042;3014;7538;0;0;0;45132;0;0;0;0;0;0;0;0;0;0;0
871213712;3417;63165;0;0;0;21644;0;0;0;0;0;0;0;0;0;0;0
871239592;5037;444682;0;0;0;0;0;161361;0;0;0;0;0;0;0;0;0
871381062;5058;39981;0;0;0;0;0;0;0;0;0;0;0;0;0;0;0
871584052;5037;47107;0;0;0;0;0;0;0;0;0;0;0;0;0;0;0
874215902;3424;384283;0;0;0;0;0;0;0;0;0;0;0;0;0;0;0
874229342;3803;0;0;0;0;39657;0;2536;0;0;0;0;0;0;0;0;0
874273252;3107;0;0;0;0;0;0;0;0;0;0;0;0;0;0;0;0
874273252;3004;66880;0;0;0;0;0;56631;11956;0;0;0;0;0;0;0;0
874351512;3028;92456;0;0;0;102003;0;26400;25223;0;0;0;0;0;0;0;0
874352632;3007;22112;0;0;0;0;0;34743;0;0;0;0;0;0;0;0;0
874370622;3016;9721;0;0;0;19875;0;33809;95260;0;0;0;0;0;0;0;0
874370622;3120;9185;0;0;0;0;0;61014;26595;0;0;0;0;0;0;0;0
874415472;3118;2083;0;0;0;0;0;0;5531;0;0;0;0;0;0;0;0
874415472;3014;35011;0;0;0;20613;0;58894;133307;0;0;0;0;0;0;0;0
874439002;3019;964;0;0;0;0;0;10503;0;0;0;0;0;0;0;23265;0
874451312;3006;11379;0;0;0;0;0;19226;0;0;6845;0;0;0;0;0;0
874451312;3303;0;0;0;0;0;0;0;0;0;0;0;0;0;0;0;0
874460532;3004;31937;0;0;0;35380;0;0;0;0;0;0;0;0;0;0;0
875782002;3442;86014;0;0;0;0;0;0;0;0;0;0;0;0;0;0;0
875785982;3034;0;0;0;0;0;0;0;0;0;0;0;56568;0;0;0;0
875785982;3228;120654;0;0;0;74104;0;0;0;0;0;0;0;0;0;0;0
875794892;5037;383977;0;0;0;0;0;0;0;0;0;0;0;0;0;0;0
875874802;3048;11217;0;0;0;29271;0;16956;0;0;0;0;0;0;0;16734;0
875928252;3813;56616;0;0;0;0;0;0;0;0;0;0;0;0;0;0;0
876002302;3101;79336;0;0;0;0;0;0;40790;0;0;0;0;0;0;0;0
876012332;3446;0;0;0;0;22032;0;12796;0;0;0;0;0;0;0;0;0
876025582;3120;45586;0;0;0;0;0;0;0;0;0;0;0;0;0;0;0
876025582;3014;0;0;0;0;0;0;0;0;0;0;0;0;0;0;0;0
876025582;3016;9593;0;0;0;0;0;12206;15769;0;0;0;0;0;0;0;0
876064332;3230;0;0;0;0;14261;0;0;0;0;0;0;0;0;0;0;0
876064332;3032;8455;0;0;0;7090;0;0;0;0;0;0;0;0;0;0;0
876084732;3016;0;0;0;0;0;0;45429;79623;0;19860;0;0;0;0;0;0
876177692;3017;0;0;0;0;3337;0;23872;0;0;0;0;0;0;0;170632;0
876252902;3035;29232;0;0;0;50792;0;9013;0;0;0;0;16465;0;0;0;0
876252902;3240;0;0;0;0;5439;0;0;0;0;0;0;0;0;0;0;0
876278472;3013;0;0;0;0;0;0;0;0;0;0;0;0;0;0;0;0
876278472;3122;0;0;0;0;9364;0;0;0;0;0;0;0;0;0;0;0
876337282;3803;12052;0;0;0;38177;0;14571;29287;0;0;0;0;0;0;0;0
876337282;3905;11809;0;0;0;0;0;0;0;0;0;0;0;0;0;0;0
876493772;5001;107989;0;0;0;0;0;0;0;0;0;0;0;0;0;0;0
876501422;3014;11218;0;0;0;10544;0;52819;0;0;0;0;0;0;0;0;0
876522942;3022;6332;0;0;0;17024;0;26501;0;0;0;0;0;0;0;0;0
876533022;3447;31389;0;0;0;8104;0;15084;0;0;0;0;0;0;0;0;0
876605422;3004;0;0;0;0;77387;0;1920;44741;0;0;0;0;0;0;0;0
876605422;3107;0;0;0;0;0;0;0;0;0;0;0;0;0;0;0;0
876693402;3442;7195;0;0;0;0;0;0;0;0;0;0;0;0;0;0;0
876758202;3048;0;0;0;0;0;0;28863;0;0;0;0;0;0;0;0;0
876929392;3120;106485;0;0;0;0;0;0;0;0;0;0;0;0;0;0;0
876929392;3016;0;0;0;0;78762;0;0;0;0;0;0;0;0;0;0;0
876946262;5006;57847;0;0;0;0;0;0;0;0;0;0;0;0;0;0;0
876948222;3020;36526;0;0;0;38995;0;22536;20449;0;0;0;0;0;0;0;0
877026892;3905;0;0;0;0;0;0;0;0;0;0;0;0;0;0;0;0
877026892;3803;138699;0;0;0;0;0;71056;0;0;0;0;0;0;0;0;0
877028372;5035;57811;0;0;0;35176;0;0;0;0;0;0;0;0;0;0;0
877180182;3025;0;0;0;0;0;0;39189;8239;0;0;0;0;0;0;0;0
877181162;3413;72438;0;15872;0;0;0;93232;0;0;0;0;0;0;0;0;0
877199142;3413;182376;0;44466;0;79459;0;0;0;0;0;0;0;0;0;0;0
877241572;5037;120627;0;0;0;0;0;0;0;0;0;0;0;0;0;0;0
877248232;3034;11411;0;0;0;44962;0;0;0;0;0;0;0;0;0;0;0
877277372;3019;1201;0;0;0;1791;0;16313;0;0;0;0;0;0;0;6656;0
877329372;3021;0;0;0;0;47431;0;10984;17078;0;0;0;0;0;0;0;0
877338622;5035;22868;0;0;0;0;0;0;0;0;0;0;0;0;0;0;0
877340082;3007;0;0;0;0;0;0;23978;0;0;0;0;0;0;0;0;0
877484912;3412;28012;0;0;0;0;0;0;0;0;0;0;0;0;0;0;0
877533522;3014;312386;0;0;0;310317;0;373044;533661;0;61528;0;0;0;0;0;0
877534642;3821;0;0;0;0;16391;0;0;0;0;0;0;0;0;0;0;0
877558452;3003;31955;0;0;0;0;0;0;0;0;0;0;0;0;0;0;0
878664752;5035;85798;0;0;0;0;0;0;0;0;0;0;0;0;0;0;0
878708172;3103;0;0;0;0;0;0;63220;0;0;0;0;0;0;0;0;0
878708172;3002;0;0;0;46562;0;0;0;18202;0;0;0;29069;0;0;0;0
878709632;5057;14671;0;0;0;0;0;0;0;0;0;0;0;0;0;0;0
879145422;3805;0;0;0;0;0;0;32483;122070;0;85647;0;57717;0;0;2278;0
879259592;3804;0;0;0;0;35250;0;16038;0;0;0;0;0;0;0;0;0
879450462;3033;13361;0;0;0;13407;0;0;0;0;0;0;0;0;0;0;0
879520592;3028;35358;0;0;0;0;0;0;0;0;0;0;0;0;0;0;0
879544122;3014;0;0;0;0;14115;0;0;0;0;0;0;0;0;0;0;0
879544882;3013;0;0;0;0;22330;0;0;0;0;0;0;0;0;0;0;0
879550572;1812;148423;0;0;0;37956;0;28935;0;0;0;0;0;0;0;0;0
879578612;3004;0;0;0;0;0;0;23040;19978;0;0;0;0;0;0;0;0
879667542;5035;68405;0;0;0;5233;0;0;0;0;0;0;0;0;0;0;0
879706572;3001;0;0;0;0;41745;0;0;0;0;0;0;0;0;0;0;0
879710162;5037;102819;0;0;0;0;0;0;0;0;0;0;0;0;0;0;0
879781272;3418;223747;0;0;0;72323;0;0;0;0;0;0;0;0;0;0;0
879782732;3028;67079;0;0;0;0;0;0;0;0;0;0;0;0;0;0;0
879885582;5038;79443;0;0;0;0;0;0;0;0;0;0;0;0;0;0;0
879909902;5054;19980;0;0;0;0;0;0;0;0;0;0;0;0;0;0;0
880000012;3030;30677;0;0;0;63509;0;0;0;0;0;0;0;0;0;0;0
880038672;3412;128854;0;0;0;0;0;0;0;0;0;0;0;0;0;0;0
880038842;3407;142641;0;0;0;10524;0;0;0;0;0;0;0;0;0;0;0
880095242;3805;38374;0;0;0;0;0;0;12866;0;24908;0;24981;0;0;8515;0
880115162;3016;41331;0;0;0;0;0;43957;0;0;0;0;0;0;0;0;0
880155032;3012;29167;0;0;0;6629;0;26956;0;0;0;0;0;0;0;0;0
880215922;3443;70732;0;0;0;0;0;0;0;0;0;0;0;0;0;0;0
880256572;5029;53594;0;0;0;0;0;0;0;0;0;0;0;0;0;0;0
880256572;5059;0;0;0;0;0;0;0;0;0;0;0;0;0;0;0;0
880259822;3805;0;0;0;0;0;0;9438;3944;0;0;0;14044;0;0;0;0
880302582;3403;0;0;0;0;27464;0;0;0;0;0;0;0;0;0;0;0
880432192;3105;0;0;0;0;0;0;0;114602;0;0;0;0;0;0;0;0
880432192;3003;38810;0;0;0;0;0;0;5894;0;12139;0;0;0;0;31553;0
880454072;3443;9743;0;0;0;0;0;0;0;0;0;0;0;0;0;0;0
880461672;5029;20806;0;0;0;0;0;0;0;0;0;0;0;0;0;0;0
880467042;3305;7514;0;0;0;0;0;59217;0;0;0;0;0;0;0;0;0
880467042;3007;23094;0;0;0;0;0;0;0;0;0;0;0;0;0;0;0
880502832;3438;116915;0;0;0;23243;0;17298;55048;0;0;0;0;0;0;0;0
880579282;1103;7373;0;0;0;0;0;0;0;0;0;0;0;0;0;0;0
880594052;5054;19591;0;0;0;2827;0;0;0;0;0;0;0;0;0;0;0
880606972;3443;43533;0;0;0;32552;0;0;0;0;0;0;0;0;0;0;0
880624032;3446;28552;0;0;0;0;0;0;0;0;0;0;0;0;0;0;0
880714112;3025;30935;0;0;0;0;0;0;0;0;0;0;0;0;0;0;0
880755382;3026;46043;0;0;0;0;0;70383;59930;0;26751;0;0;0;0;0;0
880755382;3226;0;0;0;0;21203;0;0;0;0;0;0;0;0;0;0;0
880767542;3411;20764;83156;0;0;0;0;0;0;0;0;0;0;0;0;0;0
880824112;3438;18547;0;0;0;0;0;0;0;0;0;0;0;0;0;0;0
880916602;3433;3481;0;0;0;0;0;0;0;0;0;0;0;0;0;0;0
880940872;3036;73793;0;0;0;90807;0;0;39921;0;0;0;0;0;0;0;0
880940872;3238;0;0;0;0;4667;0;0;0;0;0;0;0;0;0;0;0
880970852;3054;19987;0;0;0;12140;0;0;0;0;0;0;0;0;0;0;0
881110822;3018;89060;0;0;0;0;0;89547;81869;0;37218;0;0;0;0;0;0
881154862;5037;57747;0;0;0;0;0;0;0;0;0;0;0;0;0;0;0
881167522;3034;60426;0;0;0;69383;0;43180;0;0;0;0;0;0;0;0;0
881174022;5041;19814;0;0;0;50280;0;0;0;0;0;0;0;0;0;0;0
881271362;5001;102809;0;0;0;0;0;23898;0;0;0;0;0;0;0;0;0
881322862;3016;42039;0;0;0;8286;0;833;65131;0;6000;0;0;0;0;0;0
881322862;3120;0;0;0;0;0;0;0;14221;0;0;0;0;0;0;0;0
881407302;3438;18676;0;0;0;0;0;0;0;0;0;0;0;0;0;0;0
881424282;3442;0;0;0;0;0;0;31800;0;0;0;0;0;0;0;0;0
881444062;5059;66893;0;0;0;17182;0;0;0;0;0;0;0;0;0;0;0
881458322;1121;54102;0;0;0;0;0;0;0;0;0;0;0;0;0;0;0
881464942;3803;38695;0;0;0;0;0;0;0;0;0;0;0;0;0;0;0
881477912;3805;32277;0;0;0;0;0;17363;0;0;0;0;0;0;0;0;0
881479982;3403;0;74568;0;0;0;0;0;0;0;0;0;0;0;0;0;0
881523132;5001;0;0;0;0;123447;0;0;0;0;0;0;0;0;0;0;0
881553112;3002;0;0;0;0;0;0;0;0;0;0;0;0;0;0;7357;0
881587882;1119;35731;0;0;0;0;0;0;0;0;0;0;0;0;0;0;0
881594072;5028;156199;0;0;0;17104;0;0;0;0;0;0;0;0;0;0;0
881632012;3412;149375;0;0;0;0;0;0;0;0;0;0;0;0;0;0;0
881656272;3016;0;0;0;0;19917;0;15523;0;0;0;0;0;0;0;49531;0
881670992;5032;21221;0;0;0;0;0;0;0;0;0;0;0;0;0;0;0
881685582;3413;21550;0;0;0;0;0;0;0;0;0;0;0;0;0;0;0
881868792;3120;0;0;0;0;83869;0;11453;52190;0;0;0;0;0;0;0;0
881913232;3446;3265;0;0;0;0;0;0;0;0;0;0;0;0;0;0;0
881928272;3411;122316;0;0;0;0;0;0;0;0;0;0;0;0;0;0;0
881953552;5028;150181;0;0;0;11273;0;0;0;0;0;0;0;0;0;0;0
881955822;3014;0;0;0;0;0;0;0;17049;0;0;0;0;0;0;0;0
882179222;5006;46584;0;0;0;24920;0;0;0;0;0;0;0;0;0;0;0
882199592;3411;19030;0;0;0;14278;0;42033;0;0;0;0;0;0;0;0;0
882293092;3442;33967;0;0;0;9100;0;2428;0;0;0;0;0;0;0;0;0
882372022;5006;40487;0;0;0;0;0;0;0;0;0;0;0;0;0;0;0
882374742;3412;216200;0;0;0;0;0;0;0;0;0;0;0;0;0;0;0
882584062;3034;100632;0;0;0;0;0;14876;0;0;0;0;0;0;0;0;0
882724182;3030;12123;0;0;0;0;0;0;0;0;0;0;0;0;0;0;0
882725022;3033;15876;0;0;0;11934;0;0;0;0;0;0;0;0;0;0;0
882726592;1119;5110;0;0;0;0;0;0;0;0;0;0;0;0;0;0;0
882761452;3806;0;0;0;0;13904;0;0;0;0;0;0;0;0;0;0;0
882797252;3238;26077;0;0;0;0;0;0;0;0;0;0;0;0;0;0;0
882838722;3026;28457;0;0;0;0;0;0;0;0;0;0;0;0;0;0;0
882894142;3411;118262;46466;0;0;0;0;0;0;0;0;0;0;0;0;0;0
882951782;5035;48841;0;0;0;38438;0;0;0;0;0;0;0;0;0;0;0
882952592;3413;3058;0;0;0;3430;94684;0;0;0;0;0;0;0;0;26105;0
882964442;3816;16403;0;0;0;0;0;0;0;0;0;0;0;0;0;0;0
882989372;3805;0;0;0;0;11677;0;7262;9471;0;0;0;0;0;0;0;0
883025342;3026;0;0;0;0;14694;0;0;0;0;0;0;0;0;0;0;0
883027752;3442;238876;0;0;0;0;0;63971;0;0;0;0;0;0;0;0;0
883068092;3412;49880;0;0;0;0;0;0;0;0;0;0;0;0;0;0;0
883094662;3026;208749;0;32060;0;116801;0;148435;0;0;0;0;0;0;0;0;0
883096452;3019;26945;0;14179;0;15671;0;38356;0;0;0;0;0;0;0;0;0
883154592;3805;0;0;0;0;49182;0;6133;122069;0;0;0;0;0;0;0;0
883217322;1120;11544;0;0;0;0;0;0;0;0;0;0;0;0;0;0;0
883231732;3804;0;0;0;0;0;0;20668;6072;0;0;0;112662;0;0;0;0
883389182;3048;23642;0;0;0;0;0;0;0;0;0;0;7966;0;0;0;0
883407202;3802;33370;0;0;0;0;0;0;0;0;0;0;0;0;0;0;0
883456602;3003;10047;0;0;0;0;0;0;0;0;0;0;0;0;0;0;0
883520572;3401;53315;0;0;0;133330;0;0;0;0;0;0;0;0;0;0;0
883520742;3443;125357;0;0;0;0;0;0;0;0;0;0;0;0;0;0;0
883604652;3443;26674;0;0;0;0;0;0;0;0;0;0;0;0;0;0;0
883826582;3805;10698;0;0;0;16261;0;0;0;0;0;0;44822;0;0;0;0
883935012;3018;17778;0;0;0;0;0;16330;0;0;0;0;0;0;0;0;0
884005752;1119;8378;0;0;0;0;0;0;0;0;0;0;0;0;0;0;0
884103622;3033;0;0;0;0;166397;0;0;0;0;0;0;0;0;0;0;0
884140242;5006;43461;0;0;0;0;0;0;0;0;0;0;0;0;0;0;0
884177812;3802;9440;0;0;0;0;0;23954;0;0;0;0;0;0;0;0;0
884253152;3014;60781;0;0;0;5257;0;0;0;0;0;0;0;0;0;0;0
884261902;5035;7772;0;0;0;0;0;0;0;0;0;0;0;0;0;0;0
884311012;3230;0;0;0;0;19344;0;0;0;0;0;0;0;0;0;0;0
884311012;3032;0;0;0;0;22902;0;0;0;0;0;0;0;0;0;0;0
884324602;3004;34187;0;0;0;33645;0;24629;0;0;0;0;0;0;0;0;0
884330262;3401;123833;0;0;0;106205;0;0;0;0;0;0;0;0;0;0;0
884351022;3004;0;0;0;0;23926;0;0;0;0;0;0;0;0;0;0;0
884357322;3803;33544;0;0;0;0;0;70542;33324;0;6819;0;0;0;0;0;0
884370272;5036;125093;0;0;0;0;0;0;0;0;0;0;0;0;0;0;0
884378672;3413;34797;0;0;0;0;0;0;0;0;0;0;0;0;0;0;0
884390842;5053;87115;0;0;0;0;0;0;0;0;0;0;0;0;0;0;0
884408792;3228;0;0;0;0;0;0;0;0;0;0;0;0;0;0;0;0
884408792;3411;0;0;0;0;244334;0;32180;21909;0;0;0;0;0;0;0;0
884432642;3414;0;0;0;0;20573;0;0;0;0;0;0;0;0;0;0;0
884496632;3005;2131;0;0;0;0;0;5565;0;0;0;0;0;0;0;0;0
884655862;3013;24706;0;0;0;4059;0;9327;4233;0;0;0;0;0;0;0;0
884664292;3226;2024;0;0;0;827;0;0;0;0;0;0;0;0;0;0;0
884664292;3026;62302;0;0;0;87380;0;77906;0;0;0;0;0;0;0;0;0
884740932;3036;28689;0;0;0;33026;0;26250;0;0;0;0;0;0;0;0;0
884784212;3016;17615;0;0;0;21797;0;58157;172834;0;0;0;0;0;0;0;0
884795192;3412;137030;0;0;0;0;0;0;0;0;0;0;0;0;0;0;0
884808642;3101;1900;0;0;0;0;0;0;0;0;0;0;0;0;0;0;0
884808642;3001;46281;0;0;0;25379;0;0;0;0;0;0;0;0;0;0;0
884813212;3034;0;0;0;0;77994;0;19145;0;0;0;0;0;0;0;0;0
884813212;3228;0;0;0;0;0;0;19486;0;0;0;0;0;0;0;0;0
884891302;3003;5008;0;0;0;0;0;6822;0;0;0;0;0;0;0;0;0
884908272;3118;11844;0;0;0;29480;0;42342;0;0;0;0;0;0;0;0;0
884908272;3014;8925;0;20976;0;0;0;71492;13432;0;18353;0;0;0;0;0;0
884942012;3401;28578;0;0;0;0;0;0;0;0;0;0;0;0;0;0;0
885156932;3438;4860;0;0;0;0;0;0;0;0;0;0;0;0;0;0;0
885246982;5001;101896;0;0;0;35787;0;0;0;0;0;0;0;0;0;0;0
885267742;3222;7769;0;0;0;0;0;0;0;0;0;0;0;0;0;0;0
885331602;3803;0;0;0;0;0;0;0;0;37975;0;0;0;0;0;0;0
885331602;3905;0;0;0;0;0;0;0;0;0;0;0;0;0;0;57633;0
885378382;5038;33813;0;0;0;0;0;0;0;0;0;0;0;0;0;0;0
885383742;5037;24473;0;0;0;13992;0;40271;0;0;0;0;0;0;0;0;0
885385052;3054;12544;0;0;0;23511;0;0;0;0;0;0;0;0;0;0;0
885385842;3415;117616;0;0;0;257116;0;107362;0;0;0;0;0;0;0;0;0
885450792;3028;0;0;0;0;22506;0;0;0;0;0;0;0;0;0;0;0
885457932;5029;103271;0;0;0;12695;0;0;0;0;0;0;0;0;0;0;0
885466192;3411;71521;0;0;0;0;0;0;0;0;0;0;0;0;0;0;0
885568912;3442;4390;0;0;0;0;0;0;0;0;0;0;0;0;0;0;0
885574882;3807;28463;0;0;0;65438;0;0;0;0;0;0;0;77124;0;0;0
885663672;3001;0;0;0;0;46876;0;0;0;0;0;0;0;0;0;0;0
885730612;3442;197231;0;0;0;0;0;0;0;0;0;0;0;0;0;0;0
885844782;3441;0;0;0;0;0;0;27510;0;0;9010;0;0;0;0;0;0
885892302;3014;0;105020;0;0;0;0;0;0;0;0;0;0;0;0;0;0
885894852;3804;72840;0;0;0;0;0;0;0;0;0;0;0;0;0;0;0
885900372;5036;30559;0;0;0;0;0;0;0;0;0;0;0;0;0;0;0
885995942;3803;28376;0;0;0;0;0;16480;19925;0;0;0;0;0;0;0;0
886002602;3101;9101;0;0;0;0;0;0;0;0;0;0;0;0;0;0;0
886108362;3418;22088;0;0;0;23770;0;0;0;0;0;0;0;0;0;0;0
886130732;3418;89107;0;0;0;88677;0;0;0;0;0;0;0;0;0;0;0
886205112;3803;0;0;0;0;0;0;0;0;84870;0;0;0;0;0;0;0
886373902;3413;121315;0;0;0;0;0;0;0;0;0;0;0;0;0;0;0
886396252;3446;43392;0;0;0;0;0;0;0;0;0;0;0;0;0;0;0
886401922;3817;35999;0;0;0;0;0;0;0;0;0;0;0;0;0;0;0
886533012;3016;14596;0;0;0;0;0;14208;0;0;0;0;0;0;0;0;0
886539932;3424;19655;0;0;0;0;0;0;0;0;0;0;0;0;0;0;0
886540892;3007;22150;0;0;0;0;0;0;0;0;0;0;0;0;0;0;0
886604122;3414;128128;0;0;0;141728;0;0;0;0;0;0;0;0;0;0;0
886673922;3018;74809;0;0;0;0;0;45393;26796;0;0;0;0;0;0;0;0
886770812;3412;161494;0;0;0;0;0;0;0;0;0;0;0;0;0;0;0
886895372;3813;0;0;0;0;23316;0;0;0;0;0;0;0;0;0;0;0
886953712;5054;3206;0;0;0;0;0;0;0;0;0;0;0;0;0;0;0
887034532;3014;0;0;0;0;0;0;43879;0;0;0;0;0;0;0;0;0
887097402;3003;0;0;0;0;0;0;17694;0;0;0;0;0;0;0;0;0
887148252;3816;0;0;0;0;0;0;0;26290;0;0;0;0;0;0;0;0
887238332;3305;76770;0;0;0;0;0;32323;0;0;0;0;0;0;0;0;0
887238332;3007;20860;0;69828;0;0;0;92632;0;0;0;0;0;0;0;0;0
887246122;5057;217817;0;0;0;0;0;0;0;0;0;0;0;0;0;0;0
887250472;3003;0;0;6906;0;0;0;8329;0;0;0;0;0;0;0;0;0
887384282;3446;13547;0;0;0;0;0;0;0;0;0;0;0;0;0;0;0
887542392;5006;47543;0;0;0;3475;0;0;0;0;0;0;0;0;0;0;0
887658692;3013;7388;0;0;0;0;0;51606;23262;0;0;0;0;0;0;0;0
887671192;3014;98971;0;0;0;61121;0;0;0;0;17500;0;0;0;0;67336;0
887675732;3413;5431;111077;0;0;0;0;0;0;0;0;0;0;0;0;0;0
887694192;3026;29200;0;0;0;54595;0;46466;0;0;17645;0;0;0;0;0;0
887694222;3412;72531;0;0;0;0;0;0;0;0;0;0;0;0;0;0;0
887735352;5054;0;0;0;0;75585;0;0;0;0;0;0;0;0;0;0;0
887747172;5037;0;0;0;0;67461;0;0;0;0;0;0;0;0;0;0;0
887932522;5028;123226;0;0;0;0;0;0;0;0;0;0;0;0;0;0;0
887973202;3026;17634;0;0;0;33969;0;3880;0;0;0;0;0;0;0;0;0
888050612;3047;0;0;0;0;7870;0;0;0;0;0;0;0;0;0;0;0
888131922;1119;12639;0;0;0;0;0;0;0;0;0;0;0;0;0;0;0
888144242;1124;42690;0;0;0;0;0;0;0;0;0;0;0;0;0;0;0
888187952;3014;0;0;0;0;8855;0;0;0;0;0;0;0;0;0;0;0
888187952;3118;0;0;0;0;60237;0;0;0;0;0;0;0;0;0;0;0
888386572;5029;58962;0;0;0;0;0;0;0;0;0;0;0;0;0;0;0
888487492;3228;35656;0;0;0;0;0;0;0;0;0;0;0;0;0;0;0
888509062;3017;17271;0;0;0;0;0;45970;0;0;0;0;0;0;0;0;0
888545352;5032;78057;0;0;0;0;0;0;0;0;0;0;0;0;0;0;0
888683712;4206;16495;0;0;0;0;0;0;0;0;0;0;0;0;0;0;0
888685162;3016;0;0;0;0;69046;0;0;0;0;0;0;0;0;0;0;0
888695192;4202;20113;0;0;0;0;0;0;0;0;0;0;0;0;0;0;0
888798722;3903;149065;0;0;0;0;0;62382;0;0;0;0;0;0;0;0;0
888806822;3002;84589;0;0;0;73290;0;0;0;0;0;0;0;0;0;0;0
888945032;3118;18487;0;0;0;27159;0;0;123533;0;0;0;0;0;0;0;0
889073322;3028;0;0;0;0;19034;0;11200;0;0;0;0;0;0;0;0;0
889137452;3803;0;0;0;0;0;26864;0;0;0;0;0;0;0;0;0;0
889211962;5037;49071;0;0;0;0;0;0;0;0;0;0;0;0;0;0;0
889221712;3005;17920;0;0;0;0;0;35426;0;0;0;0;0;0;0;0;0
889257962;3107;0;0;0;0;0;0;0;0;0;0;0;0;0;0;0;0
889257962;3004;60023;0;24516;0;1548;0;30482;9380;0;0;0;0;0;0;0;0
889275472;3443;20569;0;0;0;0;0;0;0;0;0;0;0;0;0;0;0
889280492;3014;142763;0;0;0;70964;0;150449;0;0;13080;0;0;0;0;0;0
889336242;3047;0;0;0;0;0;0;32211;0;0;0;0;0;0;0;0;0
889425962;3442;39541;235714;30818;0;0;0;0;0;0;0;0;0;0;0;0;0
889455802;3803;29232;0;0;0;25435;0;54721;0;0;0;0;0;0;0;0;0
889455802;3905;0;0;0;0;21129;0;0;0;0;0;0;0;0;0;0;0
889506032;3442;11365;0;0;0;0;0;0;0;0;0;0;0;0;0;0;0
889566302;3205;35170;0;0;0;0;0;0;0;0;0;0;0;0;0;0;0
889566302;3030;3488;0;0;0;0;0;0;0;0;0;0;0;0;0;0;0
889573872;3803;0;0;0;0;0;0;49454;0;0;0;0;0;0;0;0;0
889601922;3026;0;0;0;0;23261;0;0;0;0;0;0;0;0;0;0;0
889614552;3805;0;0;0;0;0;0;50023;41696;0;0;0;0;0;0;0;0
889634472;3047;0;0;0;0;31424;0;0;0;0;0;0;0;0;0;0;0
889661712;3415;306349;0;0;0;0;0;0;65692;0;0;0;0;0;0;0;0
889700092;3034;46366;0;0;0;0;0;0;0;0;0;0;0;0;0;0;0
889716762;3905;29104;0;0;0;0;0;0;0;0;0;0;0;0;0;0;0
889716762;3803;31979;0;0;0;0;0;0;0;0;7114;0;0;0;0;0;0
889780142;3804;87645;0;0;0;0;0;0;0;0;0;0;0;0;0;44593;0
889865512;3416;382782;0;0;0;17790;0;37733;0;0;0;0;0;0;0;0;0
889889802;5006;79751;0;0;0;0;0;0;0;0;0;0;0;0;0;0;0
890007562;3440;42394;0;0;0;0;0;0;0;0;0;0;0;0;0;0;0
890118372;3049;42370;0;0;0;19995;0;0;0;0;0;0;0;0;0;0;0
890319122;3804;0;0;0;0;11981;0;0;0;0;2972;0;0;0;0;3296;0
890721052;3003;52747;0;0;0;31528;0;13901;9542;0;13618;0;0;0;0;45865;0
890736262;3442;34789;0;0;0;0;0;60765;0;0;0;0;0;0;0;0;0
890802362;3407;37043;0;0;0;20999;0;0;0;0;0;0;0;0;0;0;0
890880312;3442;159617;0;0;0;0;0;0;0;0;0;0;0;0;0;0;0
890976352;3220;0;0;0;0;14932;0;0;0;0;0;0;0;0;0;0;0
890976352;3028;75571;0;0;0;75314;0;29379;0;0;0;0;0;0;0;0;0
891048122;5006;61624;0;0;0;0;0;0;0;0;0;0;0;0;0;0;0
891070012;3014;80485;0;0;0;6837;0;0;0;0;0;0;0;0;0;0;0
891160062;3001;0;0;23148;0;0;0;0;0;0;0;0;0;0;0;0;0
891203942;5047;212499;0;0;0;0;0;0;0;0;0;0;0;0;0;0;0
891215622;3805;37500;0;3462;0;18680;0;11839;0;0;5443;0;36768;0;0;0;0
891380852;3004;0;0;10441;0;46399;0;0;0;0;0;0;0;0;0;0;0
891473982;5001;124923;0;0;0;0;0;30247;0;0;0;0;0;0;0;0;0
891532652;5059;38987;0;0;0;0;0;0;0;0;0;0;0;0;0;0;0
891697562;3004;0;0;0;0;32576;0;0;0;0;0;0;0;0;0;0;0
891915942;3018;0;0;0;0;79706;0;4421;44586;0;0;0;0;0;0;0;0
892203512;3002;48559;0;0;0;0;0;0;0;0;0;0;0;0;0;0;0
892217572;3004;0;0;0;0;0;0;8417;8951;0;0;0;0;0;0;0;0
892240442;3014;0;0;0;0;0;119262;0;0;128738;0;0;0;0;0;0;0
892317232;3401;38607;0;0;0;14184;0;0;0;0;0;0;0;0;0;0;0
892456852;3021;18156;0;0;0;22779;0;19877;0;0;0;0;0;0;0;0;0
892620032;3002;34745;0;0;0;0;0;0;0;0;0;0;0;0;0;0;0
892694532;3014;26367;0;0;0;48124;0;0;0;0;0;0;0;0;0;0;0
892700702;3442;9201;0;0;0;0;0;0;0;0;0;0;0;0;0;0;0
892710872;3415;16375;0;0;0;0;0;0;0;0;0;0;0;0;0;0;0
892780382;3048;0;0;0;0;0;0;8679;19043;0;0;0;0;0;0;0;0
892912912;3004;24202;0;0;0;8427;0;0;24483;0;0;0;0;0;0;0;0
892986142;3303;0;0;0;0;16293;0;0;8147;0;0;0;0;0;0;0;0
892986142;3006;0;0;40227;0;66879;0;0;65900;0;16378;0;0;0;0;0;0
893070702;3026;42048;0;0;0;0;0;0;0;0;0;0;0;0;0;0;0
893430652;3419;0;0;0;0;9320;2400;0;0;0;0;0;0;0;0;0;0
893900772;3804;17158;0;0;0;0;0;0;0;0;0;0;0;0;0;0;0
893963022;3234;36513;0;0;0;35400;0;30523;0;0;0;0;0;0;0;0;0
893963022;3054;49251;0;0;0;26544;0;35948;0;0;0;0;0;0;0;0;0
894073772;3014;71799;0;0;0;78309;0;63930;0;0;0;0;0;0;0;0;0
894107502;3054;12165;0;0;0;0;0;0;0;0;0;0;0;0;0;0;0
894227192;3034;74586;0;0;0;4840;0;61011;0;0;0;0;0;0;0;0;0
894227192;3228;0;0;0;0;169029;0;0;0;0;0;0;0;0;0;0;0
894232242;1120;48668;0;0;0;0;0;0;0;0;0;0;0;0;0;0;0
894308362;5029;35387;0;0;0;0;0;0;0;0;0;0;0;0;0;0;0
894313552;5006;17641;0;0;0;0;0;0;0;0;0;0;0;0;0;0;0
894635002;3411;12452;0;0;0;0;0;17451;0;0;0;0;0;0;0;24397;0
894752092;3015;16887;0;0;0;0;0;962;0;0;0;0;0;0;0;0;0
894841532;3030;9573;0;0;0;0;0;0;0;0;0;0;0;0;0;0;0
895121452;3031;128244;0;0;0;449026;0;56486;0;0;0;0;0;0;0;0;0
895330922;3417;66775;0;0;0;61846;0;58535;0;0;0;0;0;0;0;0;0
895389072;3413;70587;0;0;0;0;0;0;0;0;0;0;0;0;0;0;0
895494232;5053;134782;0;0;0;0;0;0;0;0;0;0;0;0;0;0;0
895508942;3419;32566;0;0;0;56444;0;0;0;0;0;0;0;0;0;0;0
895530832;3817;43780;0;0;0;59473;0;0;0;0;0;0;0;0;0;0;0
895554952;3443;19484;0;0;0;0;0;0;0;0;0;0;0;0;0;0;0
895707732;3047;68775;0;7873;0;29312;0;46482;0;0;0;0;0;0;0;0;0
895805912;3035;4731;0;0;0;4569;0;0;0;0;0;0;0;0;0;0;0
895839132;3014;0;0;0;0;0;0;47199;0;0;0;0;0;0;0;0;0
895850292;5029;21364;0;0;0;0;0;0;0;0;0;0;0;0;0;0;0
895873942;3047;0;0;0;0;70597;0;47090;0;0;34502;0;0;0;0;0;0
896193252;3114;0;0;0;0;62612;0;40829;0;0;0;0;0;0;0;0;0
896294652;3412;150670;0;0;0;0;0;43253;0;0;0;0;0;0;0;0;0
896366432;3417;87851;0;0;0;0;0;0;0;0;0;0;0;0;0;0;0
896454072;1119;67426;0;0;0;0;0;0;0;0;0;0;0;0;0;0;0
896466232;3443;117246;0;0;0;0;0;0;0;0;0;0;0;0;0;0;0
896672932;3034;0;0;0;0;10640;0;0;0;0;0;0;0;0;0;0;0
896685872;3411;52995;0;0;0;0;0;0;0;0;0;0;0;0;0;0;0
896692372;3007;0;0;0;0;7693;0;0;0;0;0;0;0;0;0;0;0
896717952;5037;0;160807;0;0;0;0;0;0;0;0;0;0;0;0;0;0
896777742;3403;94863;0;0;0;0;0;71529;0;0;0;0;0;0;0;0;0
896985612;3212;41647;0;0;0;0;0;46766;0;0;0;0;0;0;0;0;0
897005042;3004;41097;0;0;0;0;0;0;0;0;0;0;0;0;0;0;0
897113112;3411;78642;0;0;0;0;0;47226;27162;0;16995;0;0;0;0;0;0
897162512;3034;2299;0;0;0;41948;0;22994;0;0;0;0;0;0;0;0;0
897181932;3443;98469;0;0;0;0;0;0;0;0;0;0;0;0;0;0;0
897284022;3803;32802;0;0;0;0;0;6120;0;0;0;0;0;0;0;0;0
897298732;3004;14081;0;28453;0;0;0;0;57669;0;0;0;0;0;0;0;0
897298732;3107;25232;0;0;0;0;0;0;0;0;0;0;0;0;0;0;0
897654792;5006;174527;0;0;0;17320;0;0;0;0;0;0;0;0;0;0;0
897772582;1108;19103;0;0;0;0;0;0;0;0;0;0;0;0;0;0;0
897789752;3805;10798;0;0;0;0;0;3098;0;0;11636;0;0;0;0;0;0
897795612;3001;0;0;46125;0;0;0;19745;21396;0;0;0;0;0;0;0;0
897806312;5046;14730;0;0;0;0;0;0;0;0;0;0;0;0;0;0;0
898025292;3014;29296;0;0;0;25934;0;0;0;0;0;0;0;0;0;0;0
898282562;1120;63714;0;0;0;0;0;0;0;0;0;0;0;0;0;0;0
898340082;3416;59986;0;0;0;0;0;0;0;0;0;0;0;0;0;0;0
898397122;3105;0;0;0;0;0;0;42415;0;0;0;0;0;0;0;0;0
898397122;3003;0;0;0;0;0;25220;0;0;0;0;0;0;0;0;0;0
898494772;3107;0;0;0;0;0;0;72589;95125;0;0;0;0;0;0;62402;0
898494772;3004;15698;0;0;0;8601;0;28319;76752;0;32124;0;0;0;0;63906;0
898615022;5057;18863;0;0;0;60424;0;0;0;0;0;0;0;0;0;0;0
898660052;3120;32514;0;0;0;0;0;3371;11088;0;0;0;0;0;0;38205;0
898660052;3016;0;0;14601;0;0;0;0;0;0;0;0;0;0;0;12604;0
898799042;3004;0;0;0;0;0;0;4410;43479;0;0;0;0;0;0;0;0
898846512;3403;58510;20221;0;0;0;0;0;0;0;0;0;0;0;0;0;0
898887642;3014;31415;0;0;0;36127;0;0;0;0;0;0;0;0;0;0;0
898887642;3118;55253;0;0;0;0;0;0;68915;0;0;0;0;0;0;0;0
899101782;3026;0;0;0;0;88599;0;0;0;0;0;0;0;0;0;0;0
899254252;3805;37949;0;0;0;0;0;0;0;0;0;0;0;0;0;0;0
899286502;5006;132321;0;0;0;0;0;0;0;0;0;0;0;0;0;0;0
899298322;3120;14887;0;0;0;39300;0;15012;0;0;0;0;0;0;0;0;0
899298322;3016;0;0;13755;0;0;0;0;0;0;0;0;0;0;0;0;0
899303792;3016;158511;0;0;0;0;0;0;0;0;0;0;73155;0;0;18420;0
899306732;3418;151342;9000;0;0;67917;0;0;0;0;0;0;0;0;0;0;0
899533402;3018;59093;0;0;0;0;0;0;0;0;0;0;0;0;0;0;0
911552566;3101;0;0;0;0;0;0;0;16646;0;0;0;0;0;0;0;0
911552566;3001;0;0;0;0;0;0;24536;11624;0;0;0;0;0;0;0;0
911556278;3007;0;0;0;0;18564;0;11788;0;0;0;0;0;0;0;0;0
911557789;3226;36859;0;0;0;46850;0;0;0;0;0;0;0;0;0;0;0
911557789;3026;46362;0;0;0;36936;0;77537;0;0;0;0;0;0;0;0;0
911562332;3035;116630;0;0;0;0;0;14800;0;0;0;0;0;0;0;0;0
911565773;3413;101024;0;0;0;0;0;0;0;0;0;0;0;0;0;0;0
911566214;3804;35144;0;0;0;0;0;0;0;0;0;0;0;0;0;0;0
911571609;3035;0;0;0;0;0;0;4614;0;0;0;0;0;0;0;0;0
911589125;3002;53610;0;0;0;0;0;0;0;0;0;0;0;0;0;60483;0
911594609;3116;41392;0;0;0;0;0;0;73894;0;0;0;0;0;0;0;0
911594609;3015;7751;0;0;0;0;0;0;0;0;0;0;0;0;0;0;0
911608103;3218;0;0;0;0;0;0;0;599;0;1460;0;0;0;0;0;0
911611228;3034;87934;0;0;0;141732;0;0;54563;0;0;0;0;0;0;0;0
911625369;3805;19971;0;0;0;21049;0;0;0;0;0;0;6605;0;0;0;0
911629844;5037;156412;0;0;0;0;0;0;0;0;0;0;0;0;0;0;0
911645033;3004;0;0;0;0;36374;0;62506;0;0;0;0;0;0;0;0;0
911650061;3016;0;0;0;0;14358;0;0;0;0;0;0;0;0;0;67907;0
911652366;3027;39349;0;5151;0;37461;0;0;0;0;0;0;0;0;0;0;0
911656175;3817;119320;0;0;0;0;0;0;0;0;16748;0;0;0;0;0;0
911656175;4020;0;0;0;0;0;0;62685;0;0;0;0;0;0;0;0;0
911660652;3805;0;0;0;0;0;0;0;9917;0;0;0;52777;0;0;0;0
911660792;5028;53414;0;0;0;0;0;0;0;0;0;0;0;0;0;0;0
911666405;3047;0;0;0;0;0;0;4557;0;0;0;0;0;0;0;0;0
911691175;3004;0;0;0;0;0;0;48602;0;0;0;0;0;0;0;0;0
911692384;3305;0;0;0;0;0;0;14434;0;0;0;0;0;0;0;0;0
911692384;3038;0;0;0;0;19033;0;8213;0;0;0;0;0;0;0;0;0
911692406;3038;0;0;0;0;11679;0;8668;14357;0;0;0;0;0;0;0;0
911692406;3305;0;0;0;0;0;0;15613;0;0;0;0;0;0;0;0;0
911694476;3030;0;0;0;0;2297;0;0;0;0;0;0;0;0;0;0;0
911695189;3035;0;0;0;0;111112;0;78317;0;0;0;0;0;0;0;35697;0
911695839;3107;12453;0;0;0;0;0;0;45045;0;3884;0;0;0;0;20079;0
911695839;3004;0;0;0;0;0;0;0;0;0;6828;0;0;0;0;0;0
911701618;3026;30119;0;0;0;24483;0;0;79210;0;0;0;70851;0;0;0;0
911701618;3226;1658;0;0;0;546;0;0;0;0;0;0;0;0;0;0;0
911702592;3018;0;0;0;0;40755;0;0;0;0;0;0;0;0;0;0;0
911721783;5035;38948;0;0;0;0;0;0;0;0;0;0;0;0;0;0;0
911722739;3417;90398;0;0;0;8812;0;0;0;0;0;0;0;0;0;0;0
911726580;3415;0;0;0;0;1794;0;0;0;0;0;0;0;0;0;0;0
911729520;5001;202029;0;0;0;0;0;230570;0;0;0;0;0;0;0;0;0
911734222;5037;163670;0;0;0;0;0;0;0;0;0;0;0;0;0;0;0
911734249;3442;4383;0;0;0;0;0;0;0;0;0;0;0;0;0;0;0
911734311;3805;0;0;0;0;32182;0;1504;0;0;9541;0;18376;47281;0;0;0
911734311;3909;0;0;0;0;0;0;13055;0;0;0;0;0;0;0;0;0
911738023;3014;0;0;0;0;0;0;74003;0;0;0;0;0;0;0;0;0
911738252;3413;131719;0;0;0;22089;0;0;0;0;0;0;0;13393;0;0;0
911744821;5054;42410;0;0;0;0;0;0;0;0;0;0;0;0;0;0;0
911770202;3003;0;0;0;0;28145;0;0;0;0;0;0;0;0;0;0;0
911790947;3033;0;0;0;0;14633;0;0;0;0;0;0;0;0;0;0;0
911814099;3033;135334;0;0;0;35997;0;25763;0;0;0;0;0;0;0;0;0
911819783;3817;0;0;0;0;13389;0;0;0;0;0;0;0;0;0;0;0
911823268;5037;0;0;0;0;20714;0;0;0;0;0;0;0;0;0;0;0
911824167;3443;34032;0;0;0;0;0;0;0;0;0;0;0;0;0;0;0
911824469;3006;9170;0;0;0;17413;0;28199;0;0;0;0;0;0;0;0;0
911830868;1119;0;29488;0;0;0;0;0;0;0;0;0;0;0;0;0;0
911841002;5006;108670;0;0;0;0;0;48255;0;0;0;0;0;0;0;0;0
911849151;3036;138646;0;0;0;61268;0;0;0;0;0;0;0;0;0;0;0
911855291;3101;0;0;0;0;0;0;0;249853;0;0;0;0;0;0;0;0
911873230;3114;58933;0;0;0;26877;0;9498;21092;0;0;0;0;0;0;0;0
911873230;3018;0;0;0;0;0;0;0;21220;0;0;0;0;0;0;0;0
911885298;3054;89667;0;0;0;71345;0;0;0;0;0;0;0;0;0;0;0
911885921;3034;0;0;0;0;149288;0;0;0;0;0;0;0;0;0;0;0
911903652;3017;20450;0;0;0;0;0;13143;24011;0;0;0;0;0;0;0;0
911903652;3112;0;0;0;0;0;0;0;0;0;0;0;0;0;0;0;0
911908506;3816;27176;0;0;0;64303;0;7104;0;0;0;0;0;0;0;0;0
911912864;3808;0;0;0;0;0;0;7309;31871;0;0;0;0;0;0;0;0
911917165;3016;13395;0;0;0;8091;0;9202;0;0;0;0;0;0;0;0;0
911926423;3442;232568;0;0;0;0;0;0;0;0;0;0;0;0;0;0;0
911926512;3025;48755;0;32522;0;12924;0;0;0;0;0;0;0;0;0;0;0
911928043;5035;16409;0;0;0;0;0;0;0;0;0;0;0;0;0;0;0
911931176;5041;0;0;0;0;48032;0;0;0;0;0;0;0;0;0;0;0
911948117;3028;21282;0;0;0;3559;0;0;0;0;0;0;0;0;0;0;0
911951851;3004;0;0;0;0;0;0;8508;0;0;0;0;0;0;0;0;0
912018741;3021;31574;0;0;0;35839;0;22786;0;0;0;0;0;0;0;45755;0
912037355;5038;60555;0;0;0;0;0;0;0;0;0;0;0;0;0;0;0
912043509;5036;522136;0;0;0;0;0;0;0;0;0;0;0;0;0;0;0
912055086;5038;65912;0;0;0;0;0;0;0;0;0;0;0;0;0;0;0
912085317;1539;118466;0;0;0;0;0;0;0;0;0;0;0;0;0;0;0
912092208;3805;0;0;0;0;0;0;0;0;0;0;0;1985;0;0;0;0
912105946;3003;21309;0;0;0;56152;0;0;128522;0;26370;0;0;0;0;0;0
912105946;3105;99068;0;0;0;0;0;0;0;0;0;0;0;0;0;0;0
912124169;3446;34820;0;0;0;0;0;0;0;0;0;0;0;0;0;0;0
912124185;3413;22914;0;0;0;14485;0;0;0;0;0;0;0;0;0;0;0
912128903;3418;0;0;0;0;64978;0;0;0;0;0;0;0;0;0;0;0
912130339;3037;0;0;0;0;13829;0;0;0;0;0;0;0;0;0;0;0
912131971;3415;81359;0;0;0;37576;0;0;0;0;0;0;0;0;0;0;0
912171736;5006;116763;0;0;0;37284;0;83652;0;0;0;0;0;0;0;0;0
912180298;3028;0;0;0;0;32169;0;0;11349;0;0;0;0;0;0;0;0
912182185;3026;0;0;0;0;41867;0;24374;0;0;0;0;0;0;0;0;0
912188329;3003;10791;0;0;0;0;0;0;0;0;0;0;0;0;0;0;0
912194450;3021;0;0;0;0;0;24216;0;0;0;0;0;0;0;0;0;0
912194450;3218;0;0;15335;0;0;0;15764;0;0;0;0;0;0;0;25498;0
912194949;5006;167489;0;0;0;0;0;156716;0;0;0;0;0;0;0;0;0
912203174;5057;75376;0;0;0;0;0;0;0;0;0;0;0;0;0;0;0
912217752;3418;12337;0;0;0;0;0;0;0;0;0;0;0;0;0;0;0
912218767;3038;0;0;0;0;0;0;78722;0;0;0;0;0;0;0;0;0
912222217;5059;63833;0;0;0;0;0;0;0;0;0;0;0;0;0;0;0
912253449;3419;166228;0;0;0;95591;0;0;0;0;0;0;0;0;0;0;0
912260356;5006;55756;0;0;0;0;0;0;0;0;0;0;0;0;0;0;0
912263010;3403;49372;0;0;0;0;0;94529;0;0;0;0;0;0;0;0;0
912265935;3446;42169;0;0;0;0;0;30836;0;0;0;0;0;0;0;0;0
912271366;3048;15418;0;0;0;37590;0;36456;0;0;0;0;0;0;0;0;0
912272966;3418;112006;0;0;0;129961;6500;0;0;0;0;0;0;0;0;0;0
912282260;3804;2853;0;0;0;6704;0;51295;0;0;47746;0;0;0;0;0;0
912283216;1124;16994;0;0;0;0;0;0;0;0;0;0;0;0;0;0;0
912287963;3443;126395;0;0;0;0;0;0;0;0;0;0;0;0;0;0;0
912292770;5037;35949;0;0;0;0;0;0;0;0;0;0;0;0;0;0;0
912293602;3803;47751;0;0;0;0;0;0;0;0;23524;0;0;0;0;0;0
912300676;3442;73944;0;0;0;0;0;45293;0;0;0;0;0;0;0;0;0
912301559;3049;0;0;0;0;0;0;12791;0;0;0;0;0;0;0;0;0
912311651;3014;6284;0;0;0;0;0;9194;0;0;0;0;0;0;0;0;0
912316467;3805;34310;0;0;0;0;0;0;0;0;0;0;87813;53871;0;0;0
912327132;5028;13057;0;0;0;0;0;0;0;0;0;0;0;0;0;0;0
912369870;3812;20370;0;0;0;0;0;0;0;0;0;0;0;0;0;0;0
912375110;3026;0;0;0;0;12438;0;0;0;0;0;0;0;0;0;0;0
912376354;5035;22318;0;0;0;0;0;0;0;0;0;0;0;0;0;0;0
912379221;3403;236186;0;0;0;0;0;52455;0;0;0;0;0;0;0;0;0
912380807;3026;0;0;0;0;0;0;0;32179;0;13846;0;0;0;0;0;0
912383482;3034;24239;0;0;0;0;0;0;0;0;0;0;0;0;0;0;0
912386910;3040;36156;0;0;0;0;0;0;0;0;0;0;0;0;0;0;0
912408760;3807;99160;0;0;0;0;0;0;33767;0;0;0;0;0;0;0;0
912418359;5001;40487;0;0;0;24830;0;0;0;0;0;0;0;0;0;0;0
912423948;3802;0;0;0;0;17499;0;0;0;0;0;0;0;0;0;0;0
912428680;3006;34055;0;0;0;57446;0;0;0;0;0;0;0;0;0;0;0
912433404;5054;64835;0;0;0;0;0;0;0;0;0;0;0;0;0;0;0
912435695;3403;224468;0;0;0;0;0;69706;0;0;0;0;0;0;0;0;0
912442144;3014;90341;0;0;0;53217;0;0;0;0;0;0;0;0;0;0;0
912449726;3413;30297;0;0;0;0;0;38551;0;0;0;0;0;0;0;0;0
912465535;3007;0;0;0;0;3564;0;0;0;0;0;0;0;0;0;0;0
912467090;5001;75595;0;0;0;21514;0;0;0;0;0;0;0;0;0;0;0
912467848;5038;18123;0;0;0;0;0;0;0;0;0;0;0;0;0;0;0
912473481;3020;77272;0;17210;0;96447;0;0;0;0;16733;0;0;0;0;0;0
912478068;3120;0;0;0;0;1317;0;6180;133221;0;0;0;0;0;0;0;0
912484289;3446;25727;0;0;0;0;0;11892;0;0;0;0;0;0;0;0;0
912486133;5037;168071;0;0;0;0;0;0;0;0;0;0;0;0;0;0;0
912490475;5035;1608;0;0;0;0;0;0;1000;0;0;0;0;1400;0;0;0
912491633;5038;30466;0;0;0;19166;0;0;0;0;0;0;0;0;0;0;0
912498832;3418;15503;1200;0;0;66726;0;0;0;0;0;0;0;0;0;0;0
912575853;3807;0;0;0;0;5176;0;6454;0;0;0;0;0;0;0;0;0
912578070;3120;53143;0;0;0;60317;0;0;0;0;0;0;0;0;0;0;0
912578070;3016;0;0;0;0;0;0;0;0;0;1257;0;0;0;0;99327;0
912584429;5038;94838;0;0;0;0;0;27746;0;0;0;0;0;0;0;0;0
912585662;3048;51833;0;0;0;0;0;0;0;0;0;0;0;0;0;0;0
912615332;3014;6829;0;0;0;1955;0;0;0;0;0;0;0;0;0;0;0
912630374;3414;73143;0;0;0;66995;0;0;0;0;0;0;0;0;0;0;0
912644642;3032;44044;0;0;0;38950;0;9088;0;0;0;0;0;0;0;0;0
912662144;3417;21923;123013;0;0;0;0;0;0;0;0;0;0;0;0;0;0
912668436;3038;0;0;0;0;20880;0;0;0;0;0;0;0;0;0;0;0
912675408;5036;13419;0;0;0;0;0;0;0;0;0;0;0;0;0;0;0
912682994;3416;43505;0;0;0;0;0;0;0;0;0;0;0;0;0;0;0
912737330;3418;61246;0;0;0;168215;0;0;0;0;0;0;0;0;0;0;0
912741451;3014;0;0;21622;0;0;0;0;82314;0;0;0;0;0;0;0;0
912741451;3118;57875;0;0;0;0;0;3620;107236;0;0;0;20655;0;0;0;0
912741672;3018;0;0;13626;0;80718;0;0;0;0;0;0;0;0;0;0;0
912767825;3417;0;0;0;0;111037;0;143213;0;0;0;0;0;0;0;0;0
912768821;5053;33783;0;0;0;0;0;0;0;0;0;0;0;0;0;0;0
912769321;3026;108943;0;0;0;6058;0;0;29348;0;8638;0;0;0;0;0;0
912779548;3028;0;0;0;0;23307;0;2398;0;0;0;0;0;0;0;0;0
912789713;3420;27280;0;0;0;10565;0;0;0;0;0;0;0;0;0;0;0
912790207;3116;0;0;0;0;302;0;0;0;0;0;0;0;0;0;0;0
912790207;3015;40446;0;17069;0;0;0;77611;0;0;6043;0;0;0;0;0;0
912797341;5006;266058;0;15684;0;26959;0;0;0;0;0;0;0;0;0;0;0
912804372;3413;83966;0;0;0;0;0;0;0;0;0;0;0;0;0;0;0
912805808;3015;24371;0;12593;0;0;0;40385;0;0;0;0;0;0;0;0;0
912822036;3413;52992;0;0;0;19579;0;66595;0;0;0;0;0;0;0;0;0
912823261;5036;34508;0;0;0;0;0;0;0;0;0;0;0;0;0;0;0
912831213;3026;28162;0;0;0;16577;0;0;0;0;0;0;0;0;0;0;0
912832333;5037;136185;0;0;0;0;0;0;0;0;0;0;0;0;0;0;0
912834085;5006;14481;0;0;0;0;0;0;0;0;0;0;0;0;0;0;0
912834093;5041;31099;0;0;0;0;0;0;0;0;0;0;0;0;0;0;0
912835049;3424;0;0;0;0;0;0;0;0;0;0;0;0;0;0;0;0
912836061;5029;55403;0;0;0;0;0;0;0;0;0;0;0;0;0;0;0
912837459;1124;13922;0;0;0;18039;0;0;0;0;0;0;0;0;0;0;0
912841707;5037;38526;0;0;0;0;0;0;0;0;0;0;0;0;0;0;0
912846490;3442;0;142325;23582;0;0;0;0;0;0;0;0;0;0;0;0;0
912846997;3047;0;0;0;0;21438;0;21298;0;0;4754;0;0;0;0;0;0
912847454;3034;46334;0;0;0;23232;0;112177;0;0;0;0;0;0;0;0;0
912847454;3228;0;0;0;0;70097;0;0;0;0;0;0;0;0;0;0;0
912847950;3817;0;0;0;0;157040;0;0;0;0;0;0;31439;28714;0;0;0
912853209;3034;55169;0;0;0;68992;0;13469;0;0;0;0;0;0;0;0;0
912853209;3228;0;0;0;0;0;0;0;0;0;0;0;0;0;0;0;0
912854094;3028;41516;0;0;0;20013;0;12880;0;0;0;0;0;0;0;0;0
912858332;5037;93016;0;0;0;0;0;0;0;0;0;0;0;0;0;0;0
912859991;3401;18433;0;0;0;131966;0;42533;0;0;0;0;0;0;0;0;0
912862852;5053;0;0;0;0;30404;145906;0;0;0;0;0;0;0;0;0;0
912863026;3316;220475;0;0;0;126657;0;211347;0;0;0;0;0;0;0;0;0
912863328;5041;91756;0;0;0;55964;0;60315;0;0;0;0;0;0;0;0;0
912863417;5001;54919;0;0;0;0;0;0;0;0;0;0;0;0;0;0;0
912867773;3016;25358;0;0;0;59533;0;0;0;0;0;0;0;0;0;0;0
912874184;5037;10223;0;0;0;0;0;0;0;0;0;0;0;0;0;0;0
912875954;3805;30135;0;0;0;0;0;8295;0;0;0;0;0;0;0;0;0
912885100;3034;93198;0;0;0;64520;0;0;0;0;0;0;83097;0;0;0;0
912887820;1121;27646;0;0;0;0;0;0;0;0;0;0;0;0;0;0;0
912889467;3016;28879;0;0;0;50891;0;56118;38393;0;0;0;0;0;0;0;0
912890627;3048;0;0;0;0;0;0;0;0;124364;6061;0;0;0;0;0;0
912897974;3411;118637;188886;27686;0;0;0;0;0;0;0;0;0;0;0;0;0
912899691;3002;72456;0;0;0;0;0;60618;73842;0;0;0;0;0;0;0;0
912903168;1121;0;0;0;0;43076;0;0;0;0;0;0;0;0;0;0;0
912975975;3414;0;0;0;0;76381;0;0;0;0;0;0;0;0;0;0;0
912976505;5006;98316;0;0;0;0;0;0;0;0;0;0;0;0;0;0;0
912976580;3412;411686;0;0;0;0;0;0;0;0;0;0;0;0;0;0;0
912979121;3048;119662;0;0;0;6230;0;23405;0;0;0;0;0;0;0;0;0
912991849;3909;0;0;0;0;0;0;0;55090;0;0;0;0;0;0;0;0
912991849;3805;0;0;0;0;0;0;42070;-21035;0;0;0;44602;31799;0;0;0
912992128;3805;65125;0;48427;0;0;0;0;0;0;0;0;0;0;0;0;0
912992756;3006;109104;0;0;0;101775;0;0;0;0;0;0;0;0;0;0;0
912993140;3413;46626;0;0;0;0;0;0;0;0;0;0;0;0;0;0;0
912993167;3411;69394;0;0;0;0;0;0;0;0;0;0;0;0;0;0;0
912993183;3026;52437;0;0;0;41840;0;0;0;0;0;0;0;0;0;0;0
912993345;1119;12404;0;0;0;0;0;0;0;0;0;0;0;0;0;0;0
912995267;3107;79892;0;0;0;46902;0;4601;0;0;0;0;0;0;0;0;0
912996107;3419;61755;0;0;0;5575;0;0;0;0;0;0;0;0;0;0;0
912996301;3238;217752;0;0;0;87326;0;13613;0;0;0;0;0;0;0;0;0
912997073;1119;22576;0;0;0;0;0;0;0;0;0;0;0;0;0;0;0
912997111;5053;146161;0;0;0;131524;0;25534;0;0;0;0;0;0;0;0;0
912997367;3305;0;0;0;0;0;0;15411;0;0;0;0;0;0;0;0;0
912997367;3007;102271;0;0;0;48361;0;56458;11167;0;3071;0;0;0;0;0;0
912998576;3805;16691;0;0;0;0;0;0;0;0;0;0;0;0;0;0;0
912999416;3411;24195;0;0;0;0;0;4721;0;467023;0;0;0;0;0;0;0
912999432;5035;71723;0;0;0;51156;0;0;0;0;0;0;0;0;0;0;0
912999696;3016;17034;0;0;0;21902;0;13522;0;0;0;0;0;0;0;0;0
913000625;3442;186900;0;0;0;0;0;0;0;0;0;0;0;0;0;0;0
913001222;3805;0;0;0;0;0;0;64529;0;0;0;0;0;0;0;34663;0
913001710;3007;30478;0;0;0;0;0;0;0;0;0;0;0;0;0;0;0
913002016;3413;187899;0;35980;0;0;0;0;76487;0;0;0;0;0;0;0;0
913002024;3048;92492;0;0;0;0;0;79807;0;0;0;0;0;0;0;0;0
913005716;5037;25101;0;0;0;0;0;0;0;0;0;0;0;0;0;0;0
913005899;4206;67611;0;0;0;0;0;0;0;0;0;0;0;0;0;0;0
913007123;3452;28738;0;0;0;0;0;0;0;0;0;0;0;0;0;0;0
913007964;3001;0;0;0;0;0;0;0;78246;0;0;0;0;0;0;0;0
913010345;3411;0;35472;0;0;0;0;7235;0;112480;0;0;0;0;0;0;0
913010477;3411;131217;0;0;0;0;0;7842;0;0;0;0;0;0;0;0;0
913011066;5029;52839;0;0;0;0;0;0;0;0;0;0;0;0;0;0;0
913016564;3446;32018;0;0;0;0;0;0;0;0;0;0;0;0;0;0;0
913017366;5006;22715;0;0;0;36033;0;0;0;0;0;0;0;0;0;0;0
913017854;3802;0;0;0;0;53861;0;0;0;0;0;0;0;0;0;0;0
913017854;3903;0;0;0;0;15820;0;0;0;0;0;0;0;0;0;0;0
913019342;3415;11040;157718;0;0;0;0;0;0;0;0;0;0;0;0;0;0
913019709;3418;138819;7800;0;0;135029;0;129155;0;0;0;0;0;0;0;0;0
913023390;3035;0;0;0;0;0;60204;0;0;0;0;0;0;0;0;0;0
913023390;3240;0;0;0;0;6810;0;0;0;0;0;0;0;0;0;0;0
913023404;3034;40577;0;0;0;36689;0;17361;0;0;0;0;0;0;0;0;0
913023528;3813;72109;0;0;0;0;0;0;30005;0;0;0;0;0;0;0;0
913023994;3443;16998;0;0;0;0;0;0;0;0;0;0;0;0;0;0;0
913025598;3012;0;0;0;0;20648;0;0;0;0;0;0;0;0;0;0;0
913025792;5029;70096;0;0;0;0;0;0;0;0;0;0;0;0;0;0;0
913028635;3413;97744;0;0;0;238767;0;90719;0;0;0;0;0;0;0;0;0
913031679;5038;412697;0;0;0;0;0;0;0;0;0;0;0;0;0;0;0
913033078;3004;0;0;0;0;0;0;7142;0;0;0;0;0;0;0;0;0
913033191;3439;39026;0;0;0;0;0;0;0;0;0;0;0;0;0;0;0
913033256;3411;0;0;0;0;65995;77544;0;0;141297;0;0;0;0;0;134136;0
913034988;5037;148340;0;0;0;0;0;92503;32511;0;0;0;0;0;0;0;0
913035496;3802;0;0;0;0;0;0;35757;0;0;0;0;0;0;0;0;0
913035682;3026;14898;0;0;0;0;0;108419;71940;0;0;0;0;0;0;0;0
913037812;5053;57652;0;0;0;0;0;0;0;0;0;0;0;0;0;0;0
913038185;5006;178498;0;0;0;0;0;0;0;0;0;0;0;0;0;0;0
913040740;5029;126126;0;0;0;0;0;113283;0;0;0;0;0;0;0;0;0
913041259;5001;42230;0;0;0;0;0;0;0;0;0;0;0;0;0;0;0
913043065;3026;25322;0;0;0;0;0;0;0;0;0;0;0;0;0;0;0
913048598;3442;184518;0;0;0;0;0;0;0;0;0;0;0;0;0;0;0
913052552;3441;22271;0;0;0;0;0;0;0;0;0;0;0;0;0;0;0
913053605;3034;8901;0;0;0;58762;0;14221;0;0;0;0;0;0;0;0;0
913053915;5001;45620;0;0;0;0;0;0;0;0;0;0;0;0;0;0;0
913058674;3003;4711;0;0;0;0;0;0;34254;0;0;0;0;0;0;0;0
913059042;3437;7254;0;0;0;0;0;0;0;0;0;0;0;0;0;0;0
913059565;3417;18883;224949;0;0;0;0;0;0;103071;0;0;0;0;0;0;0
913061497;3003;0;0;12983;0;0;0;0;0;0;0;0;0;0;0;4893;0
913061535;3005;0;0;0;0;0;0;29349;0;0;0;0;0;0;0;0;0
913062663;3036;34297;0;0;0;19086;0;0;0;0;0;0;0;0;0;0;0
913068475;5059;43359;0;0;0;0;0;0;0;0;0;0;0;0;0;0;0
913072588;3804;0;0;0;0;0;0;0;0;40847;0;0;0;0;0;0;0
913076559;3807;0;0;0;0;0;0;0;12988;0;0;0;7667;29000;0;0;0
913076559;4003;0;0;0;0;0;0;0;22989;0;0;0;0;0;0;0;0
913079582;3411;0;0;0;0;138346;0;0;0;0;0;0;0;0;0;0;0
913082494;3120;50016;0;0;0;83721;0;46447;65557;0;0;0;0;0;0;0;0
913083113;3031;0;0;0;0;28623;0;0;0;0;0;0;0;0;0;0;0
913089049;3803;0;0;0;0;0;0;0;31803;0;0;0;0;0;0;0;0
913090063;5059;0;0;0;0;34333;0;0;0;0;0;0;0;0;0;0;0
913097009;3419;160400;0;0;0;0;0;0;0;0;0;0;0;0;0;0;0
913103319;5001;37483;0;0;0;0;0;6101;0;0;0;0;0;0;0;0;0
913103653;3414;85813;0;0;0;68135;0;0;0;0;0;0;0;0;0;0;0
913110633;1103;22471;0;0;0;0;0;0;0;0;0;0;0;0;0;0;0
913111753;1108;0;0;0;0;19127;0;0;0;0;0;0;0;0;0;0;0
913115813;3003;0;0;0;0;21818;0;0;0;0;0;0;0;0;0;0;0
913118367;3033;28772;0;0;0;91763;0;29855;0;0;0;0;0;0;0;0;0
913118367;3209;4517;0;0;0;0;0;0;0;0;0;0;0;0;0;0;0
913119754;5038;260263;0;0;0;0;0;37365;0;0;0;0;0;0;0;0;0
913120167;3016;18779;0;0;0;38335;0;0;75433;0;0;0;0;0;0;0;0
913120167;3120;58157;0;0;0;94575;0;0;82525;0;0;0;0;0;0;0;0
913121635;3442;57210;0;0;0;0;0;0;0;0;0;0;0;0;0;0;0
913132084;5029;40380;0;0;0;0;0;0;0;0;0;0;0;0;0;0;0
913138074;5022;17714;0;0;0;0;0;0;0;0;0;0;0;0;0;0;0
913139887;3805;19369;0;0;0;0;0;0;0;0;0;0;0;0;0;0;0
913141407;3026;114568;0;0;0;201214;0;36455;22704;0;0;0;0;0;0;0;0
913141407;3226;0;0;0;0;2652;0;0;0;0;0;0;0;0;0;0;0
913144805;3418;78333;6000;0;0;29107;6400;0;0;2400;0;0;0;0;0;0;0
913155408;3034;41394;0;0;0;35385;0;52477;0;0;0;0;0;0;0;0;0
913166485;3035;115003;0;0;0;0;0;27218;0;0;0;0;0;0;0;0;0
913166671;5035;49307;0;0;0;0;0;0;0;0;0;0;0;0;0;0;0
913166868;3817;6641;0;0;0;7295;0;0;0;0;0;0;0;0;0;0;0
913167473;3034;90040;0;0;0;63526;0;79969;0;0;0;0;0;0;0;0;0
913171128;3805;0;0;0;0;0;0;48936;0;0;0;0;1926;0;0;0;0
913173295;3006;0;0;0;0;45634;0;0;0;0;0;0;0;0;0;0;0
913173376;5038;66324;0;0;0;0;0;0;0;0;0;0;0;0;0;0;0
913178947;5037;192946;0;0;0;0;0;0;56455;0;0;0;0;0;0;0;0
913202627;3036;0;0;0;0;58962;0;0;0;0;0;0;0;0;0;0;0
913202627;3238;35083;0;0;0;60658;0;0;0;0;0;0;0;0;0;0;0
913207750;5006;49638;0;0;0;0;0;0;0;0;0;0;0;0;0;0;0
913221397;3803;0;0;0;0;45391;0;73899;0;0;0;0;0;0;0;0;0
913234855;3030;103066;0;0;0;0;0;0;0;0;0;0;0;0;0;0;0
913251628;1119;26183;0;0;0;0;0;0;0;0;0;0;0;0;0;0;0
913258509;3803;0;0;0;0;23093;0;21315;0;34549;0;0;0;0;0;0;0
913258568;3303;0;0;0;0;0;0;0;0;0;0;0;0;0;0;0;0
913258568;3314;0;0;0;0;0;0;58423;0;0;0;0;0;0;0;0;0
913270568;5006;54644;0;0;0;36464;0;0;0;0;0;0;0;0;0;0;0
913271408;3414;0;0;0;0;17487;0;0;0;0;0;0;0;0;0;0;0
913276922;3443;29060;0;0;0;0;0;0;0;0;0;0;0;0;0;0;0
913287096;5006;35913;0;0;0;0;0;0;0;0;0;0;0;0;0;0;0
913290933;5006;32839;0;0;0;0;0;0;0;0;0;0;0;0;0;0;0
913292146;3803;0;0;0;0;0;0;13926;0;0;0;0;0;0;0;0;0
913295277;3442;0;123848;0;0;0;0;0;0;0;0;0;0;0;0;0;0
913301099;3035;27804;0;0;0;0;0;0;0;0;0;0;0;0;0;0;0
913301099;3240;282738;0;0;0;0;0;0;0;0;0;0;0;0;0;0;0
913305949;3112;0;0;0;0;0;0;0;0;0;0;0;0;0;0;0;0
913305949;3017;3620;0;0;0;0;0;59686;0;0;0;0;0;0;0;108120;0
913307445;3002;0;0;0;0;0;0;21660;18490;0;0;0;0;0;0;0;0
913311515;3414;51197;0;0;0;133227;0;0;0;0;0;0;0;0;0;0;0
913322274;5006;116643;0;0;0;0;0;0;0;0;0;0;0;0;0;0;0
913327691;3805;0;63234;0;0;0;0;0;0;0;0;0;0;0;0;0;0
913346661;3033;42668;0;0;0;6643;0;0;0;0;0;0;0;0;0;0;0
913353897;3014;32052;0;0;0;44995;0;0;0;0;0;0;0;0;0;0;0
913388011;3048;0;0;0;0;0;0;38264;0;0;0;0;0;0;0;0;0
913394127;3805;0;0;0;0;0;0;0;0;0;0;0;0;0;0;16528;0
913397959;3806;0;0;0;0;50080;0;0;0;0;0;0;0;0;0;0;0
913399501;1127;11753;0;0;0;0;0;0;0;0;0;0;0;0;0;0;0
913402464;3002;0;0;0;0;16415;0;0;0;0;0;0;0;0;0;0;0
913404351;3805;0;0;0;0;0;0;4751;5799;0;0;0;14647;0;0;0;0
913423011;3803;0;0;0;0;0;0;0;0;0;37128;0;0;0;0;0;0
913423011;3905;0;0;0;0;0;0;0;38797;0;0;0;0;0;0;0;0
913437314;3905;11120;0;0;0;0;0;0;19924;0;0;0;0;0;0;0;0
913437403;3805;158620;0;0;0;0;0;13257;105426;0;0;0;47155;0;0;0;0
913438523;5054;48562;0;0;0;0;0;0;0;0;0;0;0;0;0;0;0
913455681;3006;2335;0;0;0;0;0;24390;0;0;0;0;0;0;0;0;0
913461088;3007;0;0;0;0;71180;0;13382;0;0;0;0;0;0;0;0;0
913470141;3030;0;0;0;0;0;0;22132;0;0;0;0;0;0;0;0;0
913482875;3205;36661;0;0;0;0;0;16168;0;0;0;0;0;0;0;0;0
913482875;3030;25600;0;0;0;0;0;0;0;0;0;0;0;0;0;0;0
913483081;5038;9406;0;0;0;0;0;0;0;0;0;0;0;0;0;0;0
913512057;3014;10049;0;0;0;27086;0;5120;14660;0;0;0;0;0;0;0;0
913512928;1812;31486;0;0;0;0;0;0;0;0;0;0;0;0;0;0;0
913513665;3417;150023;0;0;0;76202;0;54747;0;0;0;0;0;0;0;0;0
913522451;3014;192950;0;0;0;121038;0;144038;0;0;0;0;0;0;0;0;0
913525787;3034;24548;0;0;0;0;0;0;0;0;0;0;0;0;0;0;0
913542959;3417;484617;0;0;0;16855;0;0;0;0;0;0;0;0;0;0;0
913555708;3415;148407;0;0;0;188201;0;37637;51344;0;0;0;0;0;0;0;0
913556828;3416;0;0;0;0;39124;0;0;0;0;0;0;0;0;0;0;0
913560345;3017;0;0;0;0;77954;0;0;0;0;0;0;0;0;0;0;0
913563050;3007;1873;0;14856;0;0;0;4259;0;0;0;0;0;0;0;0;0
913570715;3411;7970;71930;0;0;0;0;0;0;0;0;0;0;0;0;0;0
913584228;5035;45396;0;0;0;47579;0;0;0;0;0;0;0;0;0;0;0
913624017;5006;0;0;0;0;38802;0;0;0;0;0;0;0;0;0;0;0
913636589;3416;94056;0;0;0;2423;0;0;0;0;0;0;0;0;0;0;0
913655591;3003;11321;0;0;0;17854;0;5352;0;0;0;0;40114;0;0;0;0
913664361;3030;12573;0;0;0;33222;0;8493;0;0;0;0;0;0;0;0;0
913672992;3026;49068;0;0;0;37319;0;15576;0;0;0;0;0;0;0;0;0
913690508;5035;48142;0;0;0;22328;0;0;0;0;0;0;0;0;0;0;0
913719565;3014;45357;0;0;0;75482;0;0;0;0;0;0;0;0;0;0;0
913732294;3036;4972;0;26586;0;0;0;21050;0;0;0;0;0;0;0;0;0
913770935;5037;119370;0;0;0;0;0;0;0;0;0;0;0;0;0;0;0
913773306;3049;25100;0;0;0;18160;0;0;0;0;0;0;0;0;0;0;0
913793781;3032;21473;0;0;0;0;0;0;0;0;0;0;0;0;0;0;0
913803663;3036;0;0;0;0;0;0;24827;0;0;0;0;0;0;0;0;0
913805453;3045;0;0;0;0;0;0;50522;0;0;0;0;0;0;0;0;0
913805984;4206;14851;0;0;0;19401;0;0;0;0;0;0;0;0;0;0;0
913857933;5038;54905;0;0;0;0;0;603;28795;0;0;0;0;0;0;0;0
913858026;3310;466;0;0;0;0;0;2076;0;0;0;0;0;0;0;0;0
913858026;3038;96256;0;0;0;79479;0;60958;13672;0;17879;0;0;0;0;0;0
913879333;3808;30031;0;0;0;0;0;0;0;0;0;0;0;0;0;0;0
913882571;5028;257653;0;0;0;36877;0;0;0;0;0;0;0;0;0;0;0
913899164;3006;0;0;0;0;35612;0;0;0;0;0;0;0;0;0;0;0
913899164;3303;0;0;0;0;0;0;0;0;0;0;0;0;0;0;0;0
913899695;5035;58057;0;0;0;0;0;0;0;0;0;0;0;0;0;0;0
913900863;3004;43109;0;0;0;0;0;30018;0;0;0;0;0;0;0;0;0
913905237;3015;0;0;0;0;0;0;0;0;0;0;0;0;0;0;0;0
913905237;3018;108908;0;0;0;15617;0;0;25884;0;0;0;0;0;0;0;0
913909216;3418;0;0;0;0;90881;4000;0;0;0;0;0;0;0;0;0;0
913909569;3014;0;0;0;0;0;0;0;0;0;26760;0;0;0;0;0;0
913937570;3803;13882;0;0;0;0;0;0;0;0;0;0;0;0;0;0;0
913973038;3805;0;0;0;0;0;0;0;0;0;0;0;48509;0;0;0;0
913976150;5038;115905;0;0;0;0;0;0;0;0;0;0;0;0;0;0;0
914001331;3048;0;0;0;0;11927;0;0;0;0;0;0;0;0;0;0;0
914002214;3018;65605;0;0;0;0;0;0;0;0;0;0;0;0;0;0;0
914002923;3443;51269;0;0;0;0;0;0;0;0;0;0;0;0;0;0;0
914003075;3047;0;0;0;0;0;0;18172;0;0;0;0;0;0;0;0;0
914005205;1124;35011;0;0;0;0;0;0;0;0;0;0;0;0;0;0;0
914005264;3443;87502;0;0;0;0;0;0;0;0;0;0;0;0;0;0;0
914007305;3003;24126;0;0;0;0;0;0;0;0;34554;0;0;0;0;0;0
914007305;3105;23605;0;0;0;0;0;0;117967;0;0;0;0;0;0;0;0
914009669;5006;26200;0;0;0;21831;0;0;0;0;0;0;0;0;0;0;0
914019575;5057;39550;0;0;0;0;0;0;0;0;0;0;0;0;0;0;0
914020476;3022;10452;0;0;0;59605;0;173058;11038;0;6792;0;0;0;0;91541;0
914037069;1121;6232;0;0;0;0;0;0;0;0;0;0;0;0;0;0;0
914084717;3803;0;0;0;0;7798;0;0;0;0;0;0;0;0;0;0;0
914099617;3817;33942;0;0;0;0;0;0;0;0;0;0;0;0;0;0;0
914125936;1127;25480;0;0;0;0;0;0;0;0;0;0;0;0;0;0;0
914130484;3419;40942;0;0;0;0;0;0;0;0;0;0;0;0;0;0;0
914130719;3305;0;0;0;0;2661;0;0;0;0;0;0;0;0;0;0;0
914130719;3007;93501;0;19820;0;27977;0;120755;0;0;0;0;0;0;0;0;0
914187958;3228;0;0;0;0;27790;0;0;0;0;0;0;0;0;0;0;0
914187958;3034;0;0;0;0;9769;0;0;0;0;0;0;0;0;0;0;0
914229219;3007;51498;0;0;0;11273;0;11928;0;0;0;0;0;0;0;0;0
914263697;3013;0;0;16170;0;38937;0;18616;0;0;0;0;0;0;0;0;0
914286913;5035;94004;0;0;0;0;0;0;0;0;0;0;0;0;0;0;0
914302773;3049;23621;0;0;0;0;0;0;0;0;0;0;0;0;0;0;0
914335027;3907;0;0;0;0;0;0;11957;0;0;0;0;0;0;0;0;0
914387523;3050;0;0;0;0;116516;0;0;0;0;0;0;0;0;0;0;0
914411084;3422;57745;0;0;0;76845;0;0;0;0;0;0;0;0;0;0;0
914422884;3015;27711;0;0;0;0;0;0;0;0;0;0;0;0;0;0;0
914437083;3413;0;0;0;0;0;0;0;0;38392;0;0;0;0;0;0;0
914438373;3443;24013;0;0;0;19125;0;0;0;0;0;0;0;0;0;0;0
914442214;3014;53031;0;0;0;48439;0;0;0;0;0;0;0;0;0;0;0
914453259;3036;6353;0;0;0;14146;0;0;0;0;0;0;0;0;0;0;0
914464242;3412;75753;0;0;0;23588;0;45569;0;0;0;0;0;0;0;0;0
914465125;3049;0;0;0;0;0;0;11894;0;0;7777;0;46057;0;0;0;0
914497183;3022;0;0;0;0;32513;0;0;19411;0;0;0;0;0;0;0;0
914500842;3416;15627;0;0;0;7109;0;0;0;0;0;0;0;0;0;0;0
914525705;3443;50237;0;0;0;0;0;0;0;0;0;0;0;0;0;0;0
914542642;3413;0;0;0;0;0;0;18832;0;0;0;0;0;0;0;0;0
914592054;3413;353489;0;26144;0;0;0;92626;72936;0;0;0;0;0;0;0;0
914594812;3446;81930;0;0;0;0;0;26819;0;0;0;0;0;0;0;0;0
914599350;3303;0;0;0;0;105761;0;11280;0;0;0;0;0;0;0;0;0
914599350;3006;0;0;0;0;0;0;37173;0;0;0;0;0;0;0;0;0
914606284;5035;70692;0;0;0;59356;0;0;0;0;0;0;0;0;0;0;0
914611598;5001;338090;0;0;0;0;0;0;0;0;0;0;0;0;0;0;0
914626072;1124;64179;0;0;0;10660;0;0;0;0;0;0;0;0;0;0;0
914630509;4204;10960;0;0;0;0;0;0;0;0;0;0;0;0;0;0;0
914636566;3804;0;0;0;0;0;0;18817;0;0;0;0;0;0;0;0;0
914637465;3411;23393;0;0;0;0;0;0;0;0;0;0;0;0;0;0;0
914719879;3017;43193;0;0;0;0;0;153193;32850;0;63706;0;43089;0;0;0;0
914720265;5054;48585;0;0;0;0;0;0;0;0;0;0;0;0;0;0;0
914722667;3034;79110;0;0;0;197207;0;14063;0;0;0;0;0;0;0;0;0
914723132;3411;25143;0;0;0;0;0;0;0;0;0;0;0;0;0;0;0
914724821;3015;65647;0;0;0;6533;0;0;0;0;0;0;0;0;0;0;0
914724988;3030;12837;0;0;0;0;0;0;0;0;0;0;0;0;0;0;0
914727855;5029;33650;0;0;0;0;0;0;0;0;0;0;0;0;0;0;0
914728614;5029;63634;0;0;0;0;0;0;0;0;0;0;0;0;0;0;0
914734436;3407;68160;0;0;0;0;0;20166;0;0;0;0;0;0;0;0;0
914735416;5046;14791;0;0;0;0;0;0;0;0;0;0;0;0;0;0;0
914736498;3016;0;0;0;0;22984;0;0;0;0;0;0;0;0;0;0;0
914736692;3808;0;0;0;0;22103;0;0;0;0;0;0;0;0;0;0;0
914739667;1119;16321;0;0;0;0;0;0;0;0;0;0;0;0;0;0;0
914740010;3805;0;0;0;0;0;0;17772;0;0;0;0;0;0;0;0;0
914740797;5038;105032;0;0;0;0;0;0;0;0;0;0;0;0;0;0;0
914742749;5054;20251;0;0;0;0;0;0;0;0;0;0;0;0;0;0;0
914743680;3411;0;0;0;0;7666;52494;0;0;94431;0;0;0;0;0;0;0
914753716;3004;21849;0;0;0;0;0;0;0;0;0;0;0;0;0;7862;0
914754143;3030;13389;0;0;0;70840;0;0;0;0;0;0;31614;0;0;0;0
914759676;3804;0;0;0;0;12337;0;5874;0;0;0;0;16575;0;0;0;0
914762804;3411;35388;0;0;0;0;0;0;0;0;0;0;0;0;0;0;0
914763835;5038;0;0;0;0;33733;0;0;0;0;0;0;0;0;0;0;0
914767008;3004;0;0;0;0;4370;0;8150;5441;0;0;0;0;0;0;0;0
914787122;3020;0;0;0;0;31161;0;0;0;0;0;0;0;0;0;0;0
914789389;3048;13334;0;0;0;0;0;0;0;0;0;0;0;0;0;0;0
914792347;5047;125992;0;0;0;0;0;9208;0;0;0;0;0;0;0;0;0
914794986;3207;61083;0;0;0;38532;0;0;0;0;0;0;0;0;0;0;0
914794986;3020;0;0;10460;0;13339;0;47761;0;0;0;0;0;0;0;0;0
914799767;5028;101582;0;0;0;19008;0;0;0;0;0;0;0;0;0;0;0
914800137;5032;31146;0;0;0;26177;0;0;0;0;0;0;0;0;0;0;0
914805864;3004;10225;0;0;0;0;0;0;0;0;0;0;0;0;0;0;0
914819016;5038;51305;0;0;0;0;0;0;0;0;0;0;0;0;0;0;0
914829755;3030;0;0;0;0;0;0;19508;0;0;0;0;0;0;0;0;0
914835615;3013;0;0;13242;0;0;0;0;0;0;0;0;0;0;0;0;0
914841895;3805;0;0;0;0;0;0;2381;0;0;0;0;1201;0;0;0;0
914841933;5053;0;0;0;0;105197;0;0;93998;0;0;0;0;0;0;0;0
914849888;3407;99866;0;0;0;61328;0;0;0;0;0;0;0;0;0;0;0
914850266;5001;117740;0;0;0;16122;0;46250;0;0;0;0;0;0;0;0;0
914850967;3014;14205;0;0;0;1977;0;0;0;0;0;0;0;0;0;0;0
914854636;5001;21939;0;0;0;22036;0;0;0;0;0;0;0;0;0;0;0
914857767;3807;0;0;0;0;9456;0;0;0;0;0;0;0;0;0;0;0
914868653;3442;129799;0;0;0;33353;0;0;0;0;0;0;0;0;0;0;0
914879191;5037;54970;0;0;0;0;0;0;0;0;0;0;0;0;0;0;0
914893283;3021;0;0;0;0;27655;0;0;0;0;0;0;7764;0;0;29629;0
914894743;5006;88393;0;0;0;0;0;0;0;0;0;0;0;0;0;0;0
914896657;3014;0;0;79180;0;0;0;0;0;0;0;0;0;0;0;0;0
914896657;3118;16272;0;0;0;0;0;92717;81396;0;0;0;0;0;0;0;0
914898811;3413;51675;0;0;0;23205;0;15220;0;0;0;0;0;0;0;26739;0
914913241;3419;0;0;0;0;125661;0;0;0;0;0;0;0;0;0;0;0
914921546;5035;87306;0;0;0;0;0;46719;0;0;0;0;0;0;0;0;0
914955033;3026;0;0;0;0;43572;0;0;0;0;0;0;0;0;0;0;0
914978939;3804;0;0;0;0;0;0;0;0;0;12130;0;78248;0;0;0;0
914980178;3035;0;0;0;0;72700;0;0;0;0;0;0;0;0;0;0;0
914993172;3049;0;0;0;0;0;0;0;0;0;17018;0;0;0;0;0;0
914993172;3312;0;0;0;0;0;0;20035;0;0;0;0;0;0;0;0;0
914999391;3006;0;0;0;0;32540;0;0;0;0;0;0;6783;0;0;0;0
915007767;3030;36950;0;0;0;0;0;22221;0;0;0;0;0;0;0;0;0
915013058;1124;57624;0;0;0;0;0;0;0;0;0;0;0;0;0;0;0
915016502;3805;0;0;0;0;0;0;9475;0;0;0;0;0;0;0;0;0
915022790;5037;77656;0;0;0;0;0;0;0;0;0;0;0;0;0;0;0
915024580;5041;30299;0;0;0;0;0;0;0;0;0;0;0;0;0;0;0
915035000;3120;0;0;0;0;5322;0;882;0;0;0;0;0;0;0;0;0
915035000;3016;129471;0;0;0;19401;0;0;0;0;0;0;0;0;0;0;0
915036570;3014;0;0;0;0;0;0;0;0;0;0;0;39982;0;0;0;0
915044387;3401;77684;0;0;0;77112;0;0;0;0;0;0;0;0;0;0;0
915070612;5038;79156;0;0;0;0;0;0;0;0;0;0;0;0;0;0;0
915074030;3054;46121;0;0;0;0;0;0;0;0;0;0;18270;0;0;0;0
915087426;3407;12183;0;0;0;0;0;0;0;0;0;0;0;0;0;0;0
915089224;5001;96039;0;0;0;0;0;0;0;0;0;0;0;0;0;0;0
915119573;3807;26519;0;0;0;0;0;0;0;0;0;0;0;0;0;0;0
915135986;3014;0;0;0;0;24986;0;0;0;0;0;0;0;0;0;0;0
915141803;3001;109534;0;0;0;53289;0;0;0;0;0;0;0;0;0;0;0
915154220;3805;12314;0;0;0;18428;0;0;0;0;0;0;8470;0;0;0;0
915164358;3804;17266;0;0;0;24231;0;1082;0;0;0;0;0;0;0;5593;0
915165435;1120;25347;0;0;0;0;0;0;0;0;0;0;0;0;0;0;0
915193285;3413;155931;0;0;0;0;0;0;0;0;0;0;0;0;0;0;0
915196748;3422;16705;0;0;0;0;0;0;0;0;0;0;0;0;0;0;0
915206379;3017;0;0;0;0;34098;0;0;41987;0;0;0;0;0;0;0;0
915224393;5041;83086;0;0;0;0;0;65904;0;0;0;0;0;0;0;0;0
915238181;3026;19946;0;0;0;0;0;0;0;0;0;0;0;0;0;0;0
915245846;1506;0;0;0;0;16733;0;0;0;0;0;0;0;0;0;0;0
915247954;3036;8702;0;0;0;15694;0;0;0;0;0;0;0;0;0;0;0
915279708;3442;0;139421;0;0;0;0;0;0;0;0;0;0;0;0;0;0
915287018;3006;0;0;0;0;34501;0;0;0;0;0;0;0;0;0;0;0
915309925;3016;0;0;12414;0;10368;0;0;0;0;0;0;0;0;0;84587;0
915319068;3407;0;0;0;0;54327;0;0;0;0;0;0;0;0;0;0;0
915325173;5037;294120;0;0;0;26818;0;0;0;0;0;0;0;0;0;0;0
915338313;3418;0;0;0;0;13291;0;0;0;0;0;0;0;0;0;0;0
915338437;3446;0;0;0;0;41693;0;0;0;0;0;0;0;0;0;0;0
915349315;3802;0;0;6259;0;0;0;0;0;0;0;0;0;0;0;0;0
915357016;3006;0;0;0;0;54244;0;0;0;0;0;0;0;0;0;0;0
915364217;5038;62483;0;0;0;0;0;46009;0;0;0;0;0;0;0;0;0
915381871;3804;13090;0;0;0;0;0;0;0;0;0;0;0;0;0;0;0
915421997;3803;0;0;0;0;0;0;0;0;0;0;0;31326;0;0;0;0
915422772;3805;0;0;0;0;0;0;14211;0;0;0;0;13344;0;0;0;0
915437850;3416;20081;0;0;0;0;0;39565;0;0;0;0;0;0;0;0;0
915475922;3418;60722;2120;0;0;0;0;0;0;0;0;0;0;0;0;0;0
915477372;5038;124116;0;0;0;0;0;0;0;0;0;0;0;0;0;0;0
915482120;3411;68154;0;0;0;0;0;0;0;0;0;0;0;0;0;0;0
915499554;5037;182441;0;0;0;0;0;0;0;0;0;0;0;0;0;0;0
