orgnr;komnr;gardsnr;bruksnr;festenr
970010815;0301;1;1;0
999607772;0301;1;1;0
996922766;0301;13;1;0
993046663;0301;13;7;0
989128310;0301;14;1;0
926317466;0301;15;2;0
998129079;0301;16;1;0
991562109;0301;16;1;0
976067479;0301;17;10;0
969302748;0301;18;2;0
985984514;0301;19;4;0
987357096;0301;19;5;0
970152202;0301;21;2;0
976732170;0301;23;2;0
911997118;0301;24;3;0
914872766;0301;24;4;0
870518722;0301;25;29;0
974681196;0301;26;1;0
977054036;0301;27;259;0
919345160;0301;27;1297;0
966056258;0301;42;1;0
999340717;0301;60;1;0
966126965;0301;61;5;0
992571934;0301;62;5;0
985780145;0301;63;1;0
883520432;0301;64;1;0
918284419;0301;66;1;0
987031808;0301;66;1;0
970144897;0301;67;34;0
969290650;0301;69;1;0
988604798;0301;69;9;0
982912873;0301;69;51;0
918734759;0301;69;153;0
968386808;0301;70;2;0
990632081;0301;71;4;0
911743418;0301;100;1;0
948301288;0301;100;39;0
976820037;0301;100;76;0
935499151;0301;104;3;0
934469801;0301;105;402;0
915752519;0301;109;68;0
996922766;0301;112;46;0
938498318;0301;133;44;0
914750377;0301;143;237;0
987022140;0301;151;178;0
946494291;0301;156;14;0
979837895;0301;160;1;0
996922766;0301;165;1;0
866699852;0301;167;1;0
970276408;0301;170;1;0
812896822;0301;170;1;0
948264005;0301;175;5;0
972408875;0301;191;1;0
911830868;0301;230;2;0
917012458;0301;230;278;0
974778742;0301;232;2;0
974761319;0301;99999;3009;0
974761319;0301;99999;3009;0
981544315;0301;99999;3009;0
992699469;1101;1;4;0
969208938;1101;2;13;0
930065129;1101;2;14;0
918318232;1101;2;20;0
985486336;1101;3;2;0
980086496;1101;3;3;0
927268248;1101;3;4;0
920678068;1101;3;8;0
969209578;1101;3;9;0
928609928;1101;3;10;0
986249133;1101;3;11;0
893181342;1101;3;14;0
969932865;1101;3;18;0
930916870;1101;4;8;0
984105703;1101;4;8;0
969085194;1101;4;25;0
969371251;1101;5;14;0
977552710;1101;6;9;0
970394575;1101;7;3;0
990584303;1101;8;10;0
998732654;1101;9;8;0
914762081;1101;10;3;0
969624443;1101;10;5;0
819868042;1101;10;7;0
892848262;1101;13;53;0
921393245;1101;13;125;0
994434047;1101;13;970;0
969372932;1101;14;3;0
928597547;1101;14;3;0
983846157;1101;14;7;0
981373685;1101;14;11;0
997111265;1101;14;14;0
990271550;1101;14;20;0
982324904;1101;14;22;0
892503532;1101;16;2;0
996548139;1101;16;5;0
982292492;1101;16;6;0
969080451;1101;16;7;0
971196440;1101;16;8;0
970114661;1101;17;1;0
916344791;1101;18;3;0
985885125;1101;18;5;0
986122109;1101;18;5;0
928070352;1101;18;19;0
969806487;1101;19;1;0
995639866;1101;19;3;0
918318739;1101;19;5;0
814277232;1101;19;7;0
984707088;1101;19;12;0
926728679;1101;19;15;0
982315123;1101;20;5;0
985305005;1101;20;7;0
894380322;1101;21;6;0
969083833;1101;21;8;0
970446818;1101;22;1;0
924281154;1101;22;1;0
917198071;1101;22;4;0
994319965;1101;23;1;0
924938838;1101;23;2;0
933176479;1101;24;4;0
984783051;1101;25;1;0
927478404;1101;25;11;0
991803688;1101;26;2;0
984802781;1101;26;5;0
982435471;1101;28;1;0
969241714;1101;29;1;0
933776328;1101;29;2;0
927663481;1101;29;3;0
927390361;1101;30;1;0
974392550;1101;31;2;0
969407809;1101;33;1;0
979865112;1101;34;1;0
985463697;1101;35;2;0
923062688;1101;39;1;0
915347924;1101;39;2;0
974979535;1101;39;3;0
999282210;1101;39;3;0
925386278;1101;39;5;0
925739677;1101;39;6;0
918370889;1101;39;7;0
984281765;1101;40;1;0
969580357;1101;40;2;0
916986653;1101;40;3;0
930626856;1101;41;1;0
982274672;1101;42;2;0
891662882;1101;44;4;0
917377154;1101;44;5;0
913003713;1101;45;1;0
969307529;1101;45;1;0
921694660;1101;45;13;0
985011729;1101;47;13;0
969408333;1101;48;2;0
933031004;1101;48;2;0
938752648;1101;48;40;0
994943405;1101;49;3;0
985331626;1101;50;3;0
969373777;1101;50;4;0
921841124;1101;51;2;0
969305755;1101;52;1;0
928443590;1101;52;2;0
989060554;1101;52;6;0
979520158;1101;52;9;0
933839982;1101;52;17;0
989136860;1101;52;18;0
976943147;1101;52;21;0
986322965;1101;53;2;0
969209845;1101;53;4;0
933573060;1101;54;5;0
983385028;1101;54;7;0
869270172;1101;55;1;0
913010310;1101;55;7;0
969443716;1101;56;2;0
930273031;1101;57;1;0
981542762;1101;57;1;0
996337685;1101;58;5;0
969932970;1101;59;4;0
993559105;1101;59;4;0
975895270;1101;60;5;0
893643052;1101;60;36;0
996368823;1101;61;3;0
925959863;1101;62;5;0
924843101;1101;62;6;0
913185382;1101;62;7;0
970117644;1101;62;7;0
932746646;1101;66;1;0
969190222;1101;68;1;0
925267651;1101;68;7;0
877534502;1101;69;1;0
916278179;1101;69;3;0
913009533;1101;70;1;0
971196424;1101;70;2;0
969796430;1101;70;4;0
928688801;1101;70;5;0
969794837;1101;70;5;0
969243113;1101;71;3;0
974450704;1101;71;4;0
924035102;1101;71;5;0
989266853;1101;71;6;0
969371227;1101;72;1;0
991488227;1101;72;10;0
969503735;1101;72;10;0
875919032;1101;73;1;0
928628620;1101;75;1;0
913296648;1101;78;6;0
979501404;1101;78;8;0
994923625;1101;78;12;0
969372576;1101;78;20;0
969795647;1101;79;2;0
975890503;1101;79;5;0
986932046;1101;79;6;0
923061061;1101;79;9;0
833864882;1101;80;1;0
984693621;1101;80;2;0
993475661;1101;80;4;0
992545771;1101;81;4;0
969081598;1101;82;1;0
979801564;1101;82;3;0
922718423;1101;84;3;0
918794875;1101;84;4;0
969189542;1101;86;1;0
812263552;1101;89;1;0
889819782;1101;92;23;0
969080192;1101;95;1;0
988579092;1101;95;2;0
969939355;1101;96;1;0
983100872;1101;97;1;0
985184135;1101;98;3;0
989250272;1101;99;1;0
971193034;1101;101;7;0
897811642;1101;107;4;0
990652341;1101;107;53;0
928689468;1101;107;61;0
869795402;1101;108;1;0
969084600;1101;109;5;0
884078342;1101;111;1;0
969795396;1101;111;10;0
969502259;1101;112;3;0
998763061;1101;114;5;0
986238581;1101;115;1;0
923989994;1101;115;2;0
981612590;1101;115;3;0
976655214;1101;115;4;0
928028313;1101;115;5;0
989138421;1101;115;11;0
969171414;1101;116;12;0
994179691;1101;118;1;0
916525753;1101;118;2;0
990728682;1101;118;6;0
928581802;1101;118;12;0
998541387;1101;119;1;0
989200704;1101;121;1;0
979411464;1101;121;2;0
970346961;1101;121;3;0
970244948;1101;121;5;0
990978433;1101;121;5;0
981881990;1101;122;1;0
969081849;1101;122;2;0
969271699;1101;123;2;0
969145723;1101;123;9;0
970565310;1101;99999;3031;0
969374919;1103;1;1;0
981893875;1103;1;5;0
997693965;1103;1;17;0
994928392;1103;2;5;0
994772732;1103;3;2;0
922174407;1103;3;4;0
984197993;1103;3;6;0
921747136;1103;3;11;0
917193665;1103;3;23;0
916478623;1103;3;24;0
991391797;1103;4;10;0
919495529;1103;7;1193;0
989315048;1103;11;2;0
938752648;1103;13;154;0
874773182;1103;14;6;0
969798603;1103;16;11;0
926089161;1103;16;13;0
957826113;1103;16;14;0
930200883;1103;16;30;0
997384091;1103;16;31;0
969444968;1103;16;35;0
869145742;1103;16;36;0
977178703;1103;16;41;0
987518715;1103;16;48;0
969502771;1103;16;52;0
984632444;1103;16;52;0
871183422;1103;16;93;0
870982542;1103;16;99;0
983033563;1103;16;103;0
984790740;1103;16;138;0
961035287;1103;16;281;0
996161021;1103;16;529;0
981699912;1103;17;8;0
980049515;1103;24;14;0
986344349;1103;24;34;0
930082295;1103;24;36;0
985445079;1103;24;37;0
969798417;1103;24;38;0
997669541;1103;29;1;0
969798352;1103;29;1;0
987672862;1103;29;10;0
976767888;1103;29;18;0
969445042;1103;29;42;0
988861219;1103;29;63;0
897686872;1103;29;121;0
917910448;1103;31;1;0
958777795;1103;31;1;0
971223642;1103;38;1;0
969799219;1103;39;7;0
869502812;1103;39;16;0
870589662;1103;39;26;0
970346376;1103;39;70;0
969163098;1103;39;630;0
914490456;1103;40;9;0
933881717;1103;40;10;0
985774668;1103;40;19;0
930879606;1103;40;24;0
870370032;1103;40;24;0
924386584;1103;40;25;0
983342450;1103;40;26;0
955698134;1103;40;33;0
823551142;1103;40;57;0
997711114;1103;40;71;0
924342714;1103;40;73;0
971210265;1103;40;80;0
881430142;1103;40;460;0
987706147;1103;40;1021;0
920183069;1103;40;1086;0
969937654;1103;41;6;0
919384840;1103;41;15;0
969372509;1103;101;1;0
969189941;1103;101;2;0
983086500;1103;101;3;0
982897599;1103;102;1;0
913936647;1103;102;2;0
969190176;1103;102;5;0
989527886;1103;103;1;0
869079952;1103;103;1;0
932936828;1103;103;3;0
932806533;1103;103;7;0
988340502;1103;103;10;0
969085364;1103;103;10;0
986551964;1103;104;1;0
869241792;1103;104;2;0
924376244;1103;104;2;0
984633092;1103;105;1;0
969814978;1103;105;2;0
919996757;1103;105;3;0
969306468;1103;105;4;0
822107222;1103;105;4;0
924708344;1103;105;20;0
984093020;1103;105;20;0
930487686;1103;106;1;0
911644479;1103;106;3;0
927368455;1103;106;4;0
969798719;1103;106;4;0
970444300;1103;106;6;0
888666362;1103;106;7;0
996697495;1103;106;7;0
969242850;1103;106;8;0
969242680;1103;107;4;0
969579537;1103;108;1;0
969162768;1103;108;2;0
988458287;1103;109;1;0
923884866;1103;109;2;0
977332087;1103;109;3;0
869817872;1103;109;3;0
985205302;1103;109;5;0
976433076;1103;110;1;0
987575255;1103;110;2;0
988466816;1103;110;6;0
969813734;1103;111;1;0
997804848;1103;111;2;0
920206247;1103;111;3;0
984284195;1103;111;4;0
926549030;1103;111;4;0
984802803;1103;112;1;0
992690321;1103;112;3;0
997897390;1103;112;4;0
981179463;1103;112;9;0
995021366;1103;112;11;0
995588668;1103;113;4;0
926296620;1103;113;5;0
882965422;1103;114;1;5
973192507;1103;114;3;0
969815265;1103;114;10;0
913379438;1103;115;1;0
983745342;1103;115;3;0
969813866;1103;115;4;0
994625055;1103;115;4;0
969306328;1103;115;5;0
984054742;1103;115;6;0
988483494;1103;115;7;0
981479874;1103;115;7;0
969190737;1103;115;8;0
996878880;1103;115;9;0
914369703;1103;115;66;0
991375333;1103;115;151;0
920169767;1103;116;3;0
969241897;1103;116;4;0
969813416;1103;116;5;0
993490644;1103;116;13;0
984917651;1103;117;2;0
969795280;1103;117;3;0
933067823;1103;118;1;0
920156746;1103;118;3;0
979514026;1103;118;4;0
970531653;1103;118;12;0
993019925;1103;119;1;0
970445781;1103;119;2;0
981396103;1103;119;4;0
969190656;1103;119;4;0
969190605;1103;119;5;0
996224236;1103;120;1;0
870560362;1103;120;3;0
924058358;1103;120;5;0
990152985;1103;121;1;0
981647130;1103;121;2;0
981189779;1103;121;2;0
932483149;1103;121;3;0
918374183;1103;121;4;0
982570581;1103;122;1;0
969270080;1103;122;1;0
981505018;1103;122;7;0
986801405;1103;122;8;0
970889809;1103;122;8;0
980435490;1103;123;1;0
977377609;1103;123;2;0
814057372;1103;123;5;0
996607070;1103;124;1;0
932726866;1103;124;1;0
827209902;1103;124;2;0
969081873;1103;124;2;0
992090510;1103;124;3;0
985132291;1103;124;5;0
897089602;1103;125;1;0
916350430;1103;125;2;0
969797216;1103;125;3;0
998605091;1103;125;4;0
932711338;1103;125;5;0
995577712;1103;125;6;0
985425906;1103;125;9;0
969241854;1103;125;14;0
969807637;1103;125;20;0
993518352;1103;125;25;0
990050376;1103;125;26;0
869082732;1103;125;43;0
970238158;1103;126;6;0
927495384;1103;126;6;0
969795043;1103;126;9;0
970255508;1103;127;2;0
995916371;1103;127;14;0
982824559;1103;128;1;0
979994117;1103;129;1;0
970395547;1103;129;2;0
992213906;1103;129;2;0
933427021;1103;129;2;0
969208164;1103;129;3;0
969813696;1103;130;2;0
974375125;1103;131;2;0
977022827;1103;131;6;0
986752692;1103;131;12;0
969270617;1103;131;13;0
982150426;1103;131;14;0
920619762;1103;132;2;0
990689369;1103;132;2;0
922063230;1103;132;4;0
975687279;1103;133;3;0
990747245;1103;133;8;0
869408522;1103;133;8;0
970244808;1103;134;5;0
969813793;1103;134;7;0
969083116;1103;135;1;0
969443058;1103;135;2;0
921022905;1103;135;2;0
990754063;1103;135;5;0
977369398;1103;135;6;0
917238391;1103;136;1;0
969371146;1103;136;3;0
970938370;1103;137;2;0
969084163;1103;137;3;0
921364717;1103;137;58;0
969808757;1103;138;1;0
988933732;1103;140;1;0
988903086;1103;140;2;0
930766259;1103;140;2;0
989147943;1103;140;4;0
986460470;1103;141;1;0
828692992;1103;141;5;0
990753997;1103;141;6;0
913111818;1103;141;8;0
928791661;1103;141;9;0
969269929;1103;141;13;0
996311236;1103;141;14;0
969083663;1103;141;15;0
971053216;1103;141;15;0
823238002;1103;141;15;0
985991863;1103;141;71;0
922158061;1103;142;1;0
924275413;1103;142;2;0
992140291;1103;142;3;0
980387879;1103;142;4;0
877092232;1103;142;4;0
987552867;1103;143;1;0
979752407;1103;143;3;0
918366695;1103;143;4;0
970244832;1103;144;1;0
923477764;1103;144;5;0
969504030;1103;144;6;0
969817632;1103;145;1;0
969190494;1103;145;3;0
969372762;1103;147;1;0
969208083;1103;148;3;0
971652373;1103;149;1;0
970444211;1103;150;1;0
981500237;1103;150;9;0
969409313;1103;150;11;0
982222702;1103;151;1;0
984024320;1103;152;1;0
953386828;1103;152;8;0
914956129;1103;153;1;0
871186502;1103;154;1;0
969083272;1103;154;2;0
972422673;1103;155;1;0
969443023;1103;156;1;0
983994180;1103;158;1;0
969504561;1103;160;1;0
997244087;1103;160;2;0
822990452;1103;160;3;0
920043941;1103;160;5;0
969085852;1103;160;6;0
997984498;1103;160;17;0
969307693;1103;160;17;0
995660652;1103;161;12;0
926144944;1103;162;1;0
926382497;1103;163;1;0
991488251;1103;163;19;0
998346797;1103;164;1;0
986504559;1103;164;1;0
989579843;1103;164;6;0
985273162;1103;164;11;0
970360697;1103;164;13;0
979867549;1103;164;13;0
920159613;1103;164;13;0
969408848;1103;164;69;0
913423739;1103;166;4;0
970920390;1103;166;6;0
916261977;1103;167;1;0
987107073;1103;167;2;0
918839259;1103;167;61;0
929659457;1103;169;1;0
912993221;1103;170;1;0
828425102;1103;170;1;0
869241482;1103;170;1;0
982351642;1103;170;3;0
992664762;1103;171;1;0
969813335;1103;171;2;0
984467702;1103;171;4;0
877460452;1103;174;1;0
929379861;1103;175;2;0
998892511;1103;176;1;0
987656786;1103;177;3;0
912294978;1103;178;3;0
885251072;1103;178;3;0
969498502;1103;179;1;0
927009862;1103;180;1;0
985832145;1103;180;2;0
985872163;1103;180;6;0
917960356;1103;180;7;0
969370514;1103;181;1;0
969081644;1103;181;2;0
969081776;1103;181;3;0
983168620;1103;181;6;0
952433679;1103;182;2;0
955313860;1103;182;4;0
969814250;1103;183;1;0
920977499;1103;184;1;0
969082845;1103;184;4;0
927788527;1103;185;1;0
970387463;1103;185;2;0
969162784;1103;185;4;0
997861396;1103;186;1;0
969080370;1103;186;9;0
980011097;1103;186;11;0
969372975;1103;187;1;0
918818081;1103;187;1;0
986377972;1103;187;3;0
969190524;1103;187;4;0
989493728;1103;187;5;0
969270498;1103;187;5;0
922588880;1103;187;6;0
997650182;1103;187;8;0
930287660;1103;187;9;0
930585610;1103;187;12;0
971069058;1103;201;2;0
916491328;1103;201;5;0
871185522;1103;202;2;0
992180560;1103;203;1;0
914143586;1103;203;2;0
976041534;1103;203;3;0
981442237;1103;203;5;0
984136366;1103;203;6;0
992200650;1103;203;13;0
914506395;1103;204;2;0
933459934;1103;204;2;0
990690529;1103;204;3;0
831983612;1103;204;3;0
984128479;1103;204;5;0
979564775;1103;205;1;0
923795642;1103;205;7;0
971023740;1103;208;1;0
969080001;1103;209;1;0
975815668;1103;209;2;0
977195233;1103;210;2;0
932371367;1103;210;3;0
992495944;1103;210;3;0
986331700;1103;211;1;0
932934973;1103;211;1;0
975378810;1103;211;1;0
969795817;1103;211;3;0
986173323;1103;211;10;0
993232009;1103;212;1;0
911560992;1103;212;2;0
969799170;1103;212;4;0
985841829;1103;214;1;0
979564821;1103;215;1;0
993823074;1103;215;2;0
928550346;1103;215;4;0
969307049;1103;215;9;0
825953132;1103;216;2;0
929627687;1103;216;4;0
927316307;1103;216;6;0
916208766;1103;216;8;0
979412266;1103;216;9;0
930629707;1103;216;11;0
969084260;1103;217;1;0
914756138;1103;217;4;0
969305836;1103;217;5;0
987880295;1103;217;11;0
923493050;1103;217;36;0
985783608;1103;217;151;0
969803135;1103;218;1;0
976509455;1103;219;1;0
984122705;1103;220;1;0
989902571;1103;221;1;0
989193287;1103;221;1;0
994978926;1103;221;2;0
869080322;1103;221;3;0
975626598;1103;221;5;0
986342613;1103;221;6;0
880579282;1103;221;9;0
969080095;1103;221;11;0
969171643;1103;221;19;0
981446879;1103;222;1;0
990047545;1103;222;2;0
993343250;1103;222;4;0
933541681;1103;222;4;0
986068880;1103;222;12;0
915735495;1103;222;12;0
955140478;1103;224;1;0
984750560;1103;224;2;0
927380692;1103;224;4;0
969937670;1103;225;1;0
928124843;1103;225;2;0
981441192;1103;226;1;0
990690537;1103;226;2;0
986775145;1103;227;1;0
881433702;1103;228;1;0
869271632;1103;230;3;0
927852500;1103;230;4;0
986352406;1103;230;5;0
970403566;1103;231;5;0
969079992;1103;232;1;0
981442040;1103;232;2;0
920547664;1103;232;3;0
911819597;1103;232;3;0
969815982;1103;232;4;0
969306859;1103;233;3;0
975937496;1103;233;4;0
931906402;1103;233;6;0
982254868;1103;233;6;0
969171147;1103;235;4;0
996428451;1103;237;1;0
969080109;1103;237;1;0
914220904;1103;238;2;0
918862234;1103;238;2;0
911819597;1103;238;7;0
928830926;1103;239;1;0
969799014;1103;239;5;0
914815444;1103;240;1;0
983788807;1103;240;1;0
970571647;1103;240;2;0
922031207;1103;240;2;0
979556012;1103;240;3;0
970563822;1103;240;7;0
982107091;1103;241;1;0
922786143;1103;241;3;0
969796198;1103;242;1;0
928585964;1103;242;2;0
969814684;1103;242;2;0
987374721;1103;242;7;0
922166382;1103;242;9;0
970914978;1103;243;4;0
969370328;1103;244;1;0
969171430;1103;244;2;0
969934108;1103;244;4;0
989847023;1103;244;4;0
933626903;1103;244;4;0
869208582;1103;244;6;0
969084643;1103;244;7;0
969080761;1103;244;9;0
918739106;1103;244;10;0
929753062;1103;244;14;0
870447892;1103;244;15;0
969795620;1103;244;16;0
969933152;1103;245;1;0
970271163;1103;245;2;0
986382313;1103;245;3;0
818717512;1103;245;5;0
981164261;1103;246;2;0
989319221;1103;246;4;0
925830216;1103;246;7;0
969081881;1103;246;12;0
913110633;1103;247;2;0
994014870;1103;247;4;0
923808752;1103;247;8;0
974417804;1103;248;1;0
969081970;1103;248;2;0
976115511;1103;248;9;0
989698982;1103;248;35;0
890637582;1103;249;1;0
976041755;1103;249;3;0
885311342;1103;249;11;0
982296714;1103;250;1;0
913054601;1103;250;2;0
989014951;1103;250;4;0
993528153;1103;250;5;0
969816733;1103;250;6;0
985779813;1103;250;9;0
970565302;1103;250;10;0
990690960;1103;250;13;0
921711611;1103;251;1;0
985914982;1103;251;2;0
969271281;1103;251;6;0
989695614;1103;251;18;0
989695622;1103;251;18;0
893295992;1103;252;1;0
923571809;1103;252;2;0
989103350;1103;252;3;0
993461482;1103;252;5;0
969503913;1103;252;13;0
812510002;1103;252;13;0
970113568;1103;252;16;0
979419783;1103;252;20;0
986357696;1103;253;2;0
932832453;1103;253;2;0
997755804;1103;254;1;0
969082071;1103;254;6;0
912636674;1103;254;6;0
998148359;1103;254;9;0
969189917;1103;254;11;0
976069897;1103;254;13;0
924346302;1103;304;4;0
916259956;1103;305;1;0
995524694;1103;306;2;0
990750114;1103;307;1;0
992908726;1103;307;2;0
977179157;1103;308;1;0
986311858;1103;309;2;0
827646512;1103;310;1;0
969208172;1103;311;1;0
999315828;1103;99999;3023;0
913821947;1103;99999;3090;0
969501724;1106;2;2;0
897104342;1106;4;13;0
898131122;1106;7;3;0
984919506;1106;8;9;0
988545589;1106;8;10;0
969242591;1106;9;3;0
996323293;1106;10;9;0
997858522;1106;11;6;0
987737581;1106;11;15;0
928725553;1106;12;1;0
970394567;1106;13;3;0
969580713;1106;13;8;0
969799456;1106;15;1;0
976942817;1106;15;3;0
969081717;1106;15;5;0
969079925;1106;16;2;0
995829150;1106;17;2;0
864737412;1106;19;8;0
921279736;1106;19;9;0
986391266;1106;19;10;0
933293327;1106;19;15;0
969080923;1106;21;7;0
930812358;1106;22;26;0
970282963;1106;22;38;0
987603585;1106;25;3;0
982677408;1106;26;47;0
921249314;1106;26;126;0
969189860;1106;27;1;0
969373289;1106;27;3;0
917626375;1106;27;41;0
969939002;1106;99999;3002;0
969797666;1108;1;1;0
982911508;1108;4;1;0
969498480;1108;4;1;0
818742282;1108;5;1;0
996988430;1108;5;2;0
912554104;1108;5;3;0
933258408;1108;5;13;0
912903486;1108;6;1;0
922289670;1108;8;4;0
969407744;1108;8;7;0
998743621;1108;8;8;0
969208768;1108;8;9;0
913028589;1108;9;1;0
992882344;1108;9;3;0
890953972;1108;9;4;0
970328203;1108;9;5;0
980359832;1108;9;7;0
891285892;1108;9;9;0
913111753;1108;9;9;0
912383393;1108;9;16;0
980429164;1108;9;17;0
974375702;1108;10;1;0
869085332;1108;10;4;0
914300398;1108;10;6;0
911838257;1108;10;7;0
969080834;1108;10;9;0
969624524;1108;10;11;0
924538066;1108;11;1;0
997852354;1108;11;3;0
919402105;1108;12;1;0
988376620;1108;12;3;0
994279750;1108;12;7;0
971193050;1108;13;1;0
969162938;1108;13;2;0
921195249;1108;13;3;0
969085445;1108;13;4;0
969171465;1108;14;2;0
971236795;1108;14;4;0
923942718;1108;14;8;0
969372959;1108;15;1;0
982831806;1108;15;2;0
997676874;1108;15;3;0
988691895;1108;16;1;0
990708924;1108;16;2;0
982943612;1108;17;6;0
871196532;1108;17;7;0
984040369;1108;17;22;0
918019391;1108;18;1;0
969081822;1108;18;3;0
980195538;1108;18;4;0
869084042;1108;19;1;0
969242303;1108;19;4;0
995166976;1108;19;4;0
992056444;1108;19;6;0
996873587;1108;20;1;0
869084662;1108;20;2;0
971196912;1108;20;3;0
916955197;1108;20;4;0
979734778;1108;21;1;0
869371572;1108;21;3;0
915440789;1108;21;5;0
991555943;1108;21;6;0
993426342;1108;21;8;0
994943170;1108;22;2;0
920247822;1108;22;3;0
953123088;1108;22;7;0
987592443;1108;22;8;0
820959752;1108;22;9;0
933566234;1108;22;13;0
987627441;1108;23;1;0
980948978;1108;23;2;0
917383499;1108;23;3;0
969082748;1108;24;1;0
969501643;1108;24;4;0
983944612;1108;24;7;0
994924532;1108;24;7;0
981325419;1108;24;9;0
984111304;1108;24;10;0
969163403;1108;24;13;0
969189585;1108;24;15;0
882784312;1108;24;16;0
915151027;1108;24;25;0
969270013;1108;24;27;0
994996851;1108;24;27;0
977195357;1108;24;33;0
987864850;1108;24;39;0
924454849;1108;25;2;0
887702292;1108;25;9;0
984033273;1108;25;9;0
921166168;1108;25;9;0
996922715;1108;26;4;0
999117384;1108;26;5;0
985175314;1108;26;5;0
885242472;1108;27;1;0
982814065;1108;27;1;0
897670992;1108;27;2;0
933620115;1108;27;3;0
995998297;1108;27;7;0
920434797;1108;27;8;0
970155554;1108;27;13;0
992227079;1108;27;14;0
926690469;1108;27;14;0
985249334;1108;27;20;0
988224774;1108;28;1;0
930527416;1108;28;4;0
970360999;1108;28;6;0
970116400;1108;28;6;0
989575422;1108;28;8;0
985214433;1108;28;9;0
989212516;1108;28;13;0
974262037;1108;28;37;0
881511762;1108;29;3;0
921266960;1108;29;194;0
981523059;1108;30;1;0
984718012;1108;31;1;0
932747359;1108;32;3;0
976188624;1108;32;6;0
976699823;1108;32;11;0
929459938;1108;32;14;0
815583272;1108;32;15;0
879571162;1108;32;16;0
946637610;1108;32;17;0
869499102;1108;32;34;0
976271513;1108;32;40;0
982936640;1108;32;40;0
969408554;1108;32;44;0
969159570;1108;33;1;0
932841959;1108;33;2;0
985234752;1108;33;4;0
997547365;1108;33;5;0
970571604;1108;33;12;0
879949572;1108;33;12;0
965720839;1108;33;13;0
987632178;1108;33;20;0
986011366;1108;33;20;0
930663336;1108;34;5;0
969370808;1108;34;7;0
969939991;1108;34;9;0
927015188;1108;34;395;0
994943162;1108;35;2;0
955934032;1108;35;5;0
969270331;1108;35;6;0
984073747;1108;37;1;0
869797022;1108;37;8;0
922096880;1108;37;14;0
993441953;1108;37;16;0
916271182;1108;37;17;0
969081997;1108;37;24;0
989603329;1108;37;36;0
917238596;1108;37;65;0
911901439;1108;38;10;0
995756021;1108;39;41;0
993598542;1108;39;46;0
979499787;1108;39;74;0
913794788;1108;39;472;0
976658949;1108;44;1;0
882131572;1108;46;2;0
920358233;1108;46;3;0
988815462;1108;46;4;0
969444739;1108;46;30;0
983789412;1108;46;30;0
982674360;1108;46;36;0
877234762;1108;47;1179;0
991574107;1108;48;18;0
948769050;1108;49;2;0
919903406;1108;49;2;0
991616438;1108;49;4;0
982219736;1108;50;4;0
881111012;1108;50;5;0
982281164;1108;51;2;0
981326296;1108;51;2;0
893439552;1108;51;3;0
997211901;1108;51;4;0
987470216;1108;51;9;0
969370875;1108;51;9;0
913049705;1108;51;15;0
969242729;1108;51;17;0
995794012;1108;52;1;0
976264495;1108;52;3;0
925166618;1108;52;4;0
969797399;1108;52;6;0
969306867;1108;52;7;0
970588965;1108;52;12;0
984949588;1108;52;16;0
931180371;1108;52;17;0
988090913;1108;52;17;0
969082098;1108;52;18;0
898315002;1108;52;19;0
969501147;1108;52;27;0
969171597;1108;52;43;0
879216672;1108;53;1;0
969374013;1108;53;2;0
869936472;1108;53;6;0
999310346;1108;53;8;0
930140295;1108;53;9;0
997689488;1108;53;9;0
971102012;1108;53;13;0
927778815;1108;53;14;0
976849779;1108;54;1;0
932742268;1108;54;3;0
976905784;1108;54;4;0
969933187;1108;54;7;0
985080461;1108;54;7;0
869371092;1108;54;7;0
969190281;1108;54;8;0
924553197;1108;54;10;0
982814634;1108;54;16;0
921357966;1108;54;16;0
970311424;1108;54;16;0
974801671;1108;54;22;0
984969155;1108;54;24;0
969806517;1108;54;41;0
924283092;1108;54;47;0
993756547;1108;55;2;0
980577821;1108;55;5;0
969080745;1108;56;2;0
974352214;1108;56;4;0
969939738;1108;57;1;0
993847437;1108;57;5;0
971192844;1108;57;6;0
913962583;1108;57;12;0
969798816;1108;57;13;0
969270099;1108;57;20;0
969373505;1108;57;27;0
997769597;1108;57;28;0
924985100;1108;57;36;0
997557700;1108;57;41;0
926488791;1108;57;42;0
913883926;1108;57;51;0
897772582;1108;58;1;0
928599639;1108;58;6;0
984477023;1108;58;14;0
969505061;1108;59;2;0
860626012;1108;59;4;0
969444607;1108;59;6;0
988863785;1108;59;6;0
886857942;1108;59;9;0
879308372;1108;59;9;0
986920064;1108;59;9;0
869810002;1108;59;11;0
993397423;1108;59;11;0
969501155;1108;59;12;0
990043949;1108;59;13;0
987660295;1108;59;15;0
954233812;1108;59;20;0
935068355;1108;59;20;0
995526921;1108;59;37;0
974801698;1108;60;1;0
987487895;1108;60;1;0
969163357;1108;60;5;0
969082810;1108;60;6;0
993006793;1108;60;7;0
982817943;1108;60;10;0
930612316;1108;60;11;0
997899504;1108;60;19;0
969190109;1108;60;27;0
982038324;1108;60;28;0
984399782;1108;60;28;0
932589427;1108;60;28;0
917077010;1108;60;37;0
969409135;1108;61;1;0
987456817;1108;61;2;0
995244837;1108;61;3;0
969085275;1108;61;4;0
969162903;1108;62;744;0
923162364;1108;62;1884;0
928635023;1108;63;2;0
992798858;1108;63;3;0
969798107;1108;63;14;0
997712471;1108;64;2;0
920137539;1108;64;4;0
969808935;1108;64;5;0
974491796;1108;64;6;0
817204872;1108;64;6;0
969190044;1108;64;9;0
969796066;1108;64;11;0
996414477;1108;64;11;0
987456787;1108;64;16;0
990163413;1108;64;17;0
995596970;1108;64;18;0
927402459;1108;64;18;0
928452743;1108;64;18;0
970155317;1108;65;2;0
969085135;1108;65;5;0
974392771;1108;65;6;0
922737592;1108;65;9;0
969085291;1108;65;19;0
986832785;1108;65;21;0
987569549;1108;65;28;0
887426562;1108;65;44;0
969269767;1108;65;53;0
991538046;1108;65;58;0
976856430;1108;65;70;0
869443042;1108;65;70;0
969085208;1108;65;120;0
969798654;1108;66;2;0
971239727;1108;66;3;0
993242411;1108;66;3;0
969797585;1108;67;3;0
897929112;1108;67;4;0
969370336;1108;67;5;0
996428834;1108;67;5;0
969241390;1108;67;6;0
974905558;1108;67;8;0
979669003;1108;67;12;0
999277721;1108;67;13;0
990944628;1108;67;18;0
969408376;1108;67;22;0
987802707;1108;67;31;0
969797607;1108;67;78;0
919733144;1108;71;1;0
969083647;1108;71;8;0
913011597;1108;71;29;0
884232112;1108;72;1;0
989150707;1108;72;9;0
826399252;1108;72;12;0
955923839;1108;72;15;0
986671757;1108;72;18;0
885673732;1108;72;30;0
918607811;1108;72;115;0
926424270;1108;72;119;0
997712455;1108;73;1;0
912998053;1108;73;3;0
982193575;1108;73;5;0
989110462;1108;74;1;0
922129142;1108;74;5;0
999282245;1108;75;1;0
983476597;1108;75;2;0
970311432;1108;75;3;0
921520301;1108;75;3;0
912503801;1108;75;3;0
920526020;1108;75;4;0
918313354;1108;75;7;0
969208857;1108;75;7;0
979469365;1108;77;2;0
922079013;1108;77;3;0
913681290;1108;77;4;0
924559209;1108;78;1;0
983021832;1108;78;4;0
993469777;1108;79;3;0
970113258;1108;79;5;0
969307286;1108;80;1;0
992006404;1108;80;5;0
927303426;1108;80;6;0
984732589;1108;81;1;0
994105116;1108;81;5;0
990690561;1108;81;10;0
930849847;1108;81;13;0
980883779;1108;81;16;0
824691002;1108;82;1;0
984496311;1108;83;1;0
969241811;1108;83;1;0
928133257;1108;84;1;0
976000412;1108;84;5;0
914146275;1108;85;4;0
982734436;1108;85;15;0
985242682;1108;86;1;0
990625174;1108;86;2;0
933019012;1108;86;4;0
988120898;1108;86;20;0
969501279;1108;87;3;0
882211282;1108;88;7;0
990313350;1108;88;11;0
983706754;1108;88;13;0
969811987;1108;88;15;0
925433918;1108;88;314;0
932948761;1108;89;3;0
998482186;1108;90;1;0
913186818;1108;91;2;0
921333528;1108;96;1;0
983953603;1108;97;11;0
992987227;1108;97;12;0
974393220;1108;98;1;0
915558453;1108;98;12;0
980615537;1108;98;13;0
969209497;1108;100;3;0
970567585;1108;100;3;0
970346082;1108;100;15;0
991424385;1108;102;2;0
925150886;1108;102;5;0
915024920;1108;102;11;0
999530478;1108;102;40;0
869242012;1108;102;175;0
969409100;1108;103;1;0
913251342;1108;103;2;0
932448211;1108;103;3;0
930677752;1108;103;5;0
970311114;1108;103;7;0
969189577;1108;103;8;0
980818209;1108;104;1;0
969580497;1108;105;1;0
976097645;1108;105;2;0
956640474;1108;105;12;0
918725024;1108;105;13;0
978653375;1108;105;13;0
984136455;1108;105;16;0
982150485;1108;105;17;0
999266592;1108;105;40;0
996747506;1108;106;3;0
979508689;1108;106;4;0
879714842;1108;106;6;0
915885195;1108;106;11;0
984401396;1108;107;1;0
974468964;1108;107;2;0
986998403;1108;107;3;0
969370050;1108;107;5;0
976311310;1108;107;6;0
969408783;1108;107;8;0
985002894;1108;107;10;0
969503670;1108;108;1;0
969939185;1108;108;3;0
985271135;1108;108;4;0
983468659;1108;108;7;0
969162865;1108;109;1;0
999113397;1108;109;5;0
985276404;1108;109;9;0
987676140;1108;109;10;0
970389857;1108;109;23;0
922103348;1108;109;30;0
969271583;1108;109;46;0
822254152;1108;109;75;0
984545134;1108;109;426;0
911750090;1108;110;11;0
997826221;1108;214;1;0
984567650;1108;216;1;0
976236149;1108;218;1;0
930182117;1108;223;1;0
969443597;1108;223;3;0
914537630;1108;228;1;0
988876984;1108;228;3;0
969797151;1108;228;4;0
994356607;1108;229;1;0
969081962;1108;229;2;0
876101432;1108;229;3;0
979518080;1108;230;1;0
920137733;1108;231;1;0
925409588;1108;233;1;0
985783578;1108;233;2;0
917445699;1108;233;2;0
818355572;1108;233;3;0
928526798;1108;234;1;0
969209292;1108;234;3;0
969084198;1108;235;2;0
980613054;1108;235;12;0
983813313;1108;236;1;0
954753352;1108;236;1;0
988065277;1108;237;2;0
985815585;1108;237;15;0
985199361;1108;240;5;0
929089529;1108;240;18;0
969798611;1108;241;3;0
870390882;1108;241;4;0
969209268;1108;241;6;0
932266342;1108;241;41;0
881438712;1108;241;41;0
933397580;1108;242;1;0
923797696;1108;243;3;0
980425231;1108;243;5;0
925062022;1108;244;1;0
971186240;1108;244;3;0
911833921;1108;246;1;0
980565971;1108;246;1;0
970237771;1108;246;3;0
970394494;1108;247;1;0
969810344;1108;247;2;0
970571485;1108;248;2;0
912741664;1108;248;2;0
996405648;1108;248;3;0
981531868;1108;248;4;0
917830517;1108;248;6;0
931236555;1108;248;6;0
971144181;1108;248;7;0
969933683;1108;248;9;0
969371618;1108;248;9;0
928167917;1108;248;11;0
975380319;1108;249;2;0
969624419;1108;249;5;0
916514379;1108;249;5;0
996979504;1108;249;7;0
918323600;1108;251;3;0
969580578;1108;251;4;0
917869901;1108;252;1;0
970565353;1108;253;1;0
869810312;1108;253;2;0
969443783;1108;254;1;0
869374172;1108;254;6;0
969209136;1108;254;10;0
916871570;1108;99999;3011;0
999142494;1108;99999;3202;0
870238282;1108;99999;3205;0
933903753;1111;3;1;0
977505291;1111;4;1;0
969373483;1111;5;2;0
969408996;1111;5;4;0
927931990;1111;16;2;0
969305984;1111;17;1;0
928498182;1111;17;2;0
922219605;1111;17;5;0
889813792;1111;19;4;0
926442732;1111;19;6;0
984698089;1111;19;8;0
981696344;1111;19;10;0
928784452;1111;20;4;0
970571582;1111;20;4;0
990447365;1111;20;5;0
922240345;1111;20;6;0
974372592;1111;20;10;0
977373050;1111;20;15;0
919708735;1111;22;1;0
997723821;1111;23;6;0
998710596;1111;29;2;0
925416541;1111;29;5;0
921370881;1111;30;4;0
875997122;1111;30;5;0
920186483;1111;30;32;0
932601753;1111;31;2;0
969796473;1111;33;2;0
921531478;1111;33;5;0
979296371;1111;35;1;0
989522124;1111;35;2;0
982804302;1111;38;1;0
920250262;1111;43;2;0
989381180;1111;44;1;0
975431789;1111;44;3;0
921579497;1111;44;4;0
821872782;1111;45;6;0
884074452;1111;45;9;0
898878252;1111;45;11;0
869190152;1111;46;1;0
969242621;1111;46;4;0
915979718;1111;46;31;0
932490161;1111;47;1;0
988891096;1111;47;2;0
976323270;1111;47;5;0
969080257;1111;47;15;0
995867168;1111;48;2;0
969371731;1111;49;4;0
986233660;1111;52;1;0
986916326;1111;53;4;0
983149707;1111;54;17;0
969209632;1111;55;2;0
990626618;1111;56;4;0
993758175;1111;56;50;0
999236782;1111;56;456;0
932319330;1111;57;26;0
976798929;1111;57;44;0
994406205;1111;57;112;0
826529202;1111;58;6;0
928333515;1111;61;2;0
976335872;1111;61;4;0
969171074;1111;64;1;0
920662889;1111;64;4;0
990834628;1111;64;5;0
969085321;1111;64;7;0
979535317;1111;64;12;0
930034363;1111;65;2;0
971196319;1111;65;3;0
987662352;1111;66;1;0
920771491;1111;67;1;0
925551643;1111;67;2;0
969799693;1111;68;2;0
930708380;1111;68;3;0
984722494;1111;69;1;0
969799707;1111;70;4;0
920037224;1111;77;5;0
925045691;1111;77;6;0
884681162;1111;77;8;0
969270781;1111;82;2;0
985326908;1111;84;1;0
884604702;1111;85;4;0
983799558;1111;86;3;0
993920339;1111;86;4;0
997761499;1111;86;5;0
984974361;1111;86;6;0
829614502;1111;86;7;0
992348461;1111;87;3;0
969306557;1111;87;8;0
912779645;1111;88;1;0
981960874;1111;90;1;0
922990689;1111;91;1;0
880529862;1111;92;1;0
999053238;1111;93;1;0
927752530;1111;95;2;0
993087491;1111;95;4;0
970444327;1111;100;1;0
922930457;1111;101;1;0
977540143;1111;102;3;0
969802163;1111;103;5;0
930042072;1111;103;5;0
917942528;1111;104;2;0
914339790;1111;105;1;0
969797445;1111;109;5;0
965134956;1112;5;1;0
880398482;1112;7;1;0
831721162;1112;10;1;0
969503573;1112;12;1;0
982894670;1112;12;3;0
986484051;1112;13;3;0
874404322;1112;13;4;0
991491856;1112;13;6;0
976067312;1112;14;2;0
996632423;1112;15;2;0
919903902;1112;16;1;0
890821332;1112;17;1;0
997108787;1112;17;4;0
979872283;1112;17;5;0
922555850;1112;17;7;0
994322346;1112;17;30;0
914756340;1112;20;1;0
984135173;1112;20;4;0
987162945;1112;20;7;0
989768492;1112;21;3;0
930829021;1112;22;1;0
969497212;1112;23;6;0
969800373;1112;24;1;0
927501902;1112;24;4;0
994472542;1112;24;5;0
974455935;1112;24;8;0
986219307;1112;24;16;0
976014596;1112;24;22;0
918479236;1112;27;1;0
818158122;1112;27;7;0
969407868;1112;29;3;0
969503255;1112;31;1;0
994990624;1112;31;2;0
916593236;1112;31;18;0
990600902;1112;31;25;0
985061890;1112;32;1;0
996514579;1112;32;1;0
992983868;1112;32;4;0
984207212;1112;32;6;0
969189992;1112;32;7;0
996493539;1112;32;16;0
969189607;1112;33;4;0
926068059;1112;33;6;0
985946744;1112;34;1;0
994404679;1112;35;3;0
914019214;1112;35;10;0
969498243;1112;35;17;0
989933248;1112;35;19;0
918273352;1112;35;23;0
925940135;1112;35;28;0
891570902;1112;35;103;0
993475556;1112;37;2;0
975961354;1112;37;4;0
971342668;1112;37;5;0
990668981;1112;37;6;0
981992040;1112;37;14;0
987511850;1112;38;15;0
971169842;1112;38;16;0
989332937;1112;38;35;0
926650025;1112;41;1;0
889554312;1112;42;2;0
869306282;1112;42;3;0
918297065;1112;42;4;0
995042126;1112;42;6;0
969080036;1112;44;1;0
916015771;1112;44;1;0
979385773;1112;44;5;0
922037213;1112;51;1;0
981960890;1112;51;2;0
969443384;1112;51;4;0
969800241;1112;51;6;0
918364692;1112;51;7;0
932345269;1112;51;19;0
970997296;1112;54;2;0
917268347;1112;54;3;0
989083449;1112;55;2;0
879260442;1112;55;4;0
992404205;1112;56;2;0
925117145;1112;56;21;0
996428982;1112;57;1;0
969372142;1112;57;2;0
889312602;1112;58;3;0
913011023;1112;58;5;0
953847124;1112;58;9;0
996363287;1112;58;10;0
969162849;1112;59;1;0
969371790;1112;59;2;0
918128905;1112;59;3;0
990652376;1112;59;5;0
969190060;1112;60;1;0
869082112;1112;60;3;0
932910292;1112;60;11;0
990262527;1112;60;12;0
985258481;1112;60;19;0
869082902;1112;60;31;0
979500890;1112;61;1;0
982819903;1112;61;4;0
915877303;1112;62;1;0
912086666;1112;62;5;0
915071074;1112;63;1;0
869407402;1112;63;3;0
969800403;1112;64;1;0
920156606;1112;64;4;0
825612882;1112;64;32;0
930540277;1112;65;2;0
997896920;1112;66;2;0
920223168;1112;67;1;0
996100324;1112;67;5;0
929523105;1112;67;7;0
912790320;1112;67;8;0
918171320;1112;67;12;0
992166169;1112;67;13;0
992816066;1112;67;21;0
980444988;1112;67;43;0
995725738;1112;68;3;0
926736515;1112;71;1;0
826514442;1112;73;2;0
992335769;1112;75;2;0
916588836;1112;80;1;0
932082322;1112;81;5;0
969221268;1112;82;5;0
997210255;1112;82;10;0
999575404;1112;99999;3022;0
980499405;1114;1;1;0
969307340;1114;1;2;0
994973460;1114;1;2;0
990369496;1114;1;3;0
989069357;1114;1;3;0
870114532;1114;1;4;0
992464186;1114;2;1;0
975960218;1114;2;2;0
983564267;1114;2;9;0
969081105;1114;2;10;0
928906957;1114;3;1;0
933085260;1114;3;2;0
986461396;1114;5;1;0
974479311;1114;5;3;0
823358202;1114;5;4;0
997743369;1114;5;5;0
969818698;1114;5;8;0
928903656;1114;5;13;0
980364607;1114;5;36;0
924007141;1114;5;36;0
969241994;1114;5;39;0
927578026;1114;5;48;0
977198666;1114;6;1;0
998941636;1114;6;3;0
986387323;1114;6;4;0
993464597;1114;6;6;0
987549882;1114;6;8;0
928697762;1114;7;1;0
926043579;1114;7;1;0
869499552;1114;9;1;0
926108700;1114;10;1;0
969936518;1114;11;1;0
970560351;1114;12;1;0
869579262;1114;12;2;0
970369686;1114;13;1;0
982279496;1114;13;1;0
957121926;1114;13;2;0
925284394;1114;13;4;0
932838710;1114;13;9;0
969084333;1114;13;9;0
969797305;1114;14;2;0
999330878;1114;14;3;0
921274513;1114;14;5;0
978709664;1114;14;6;0
917623023;1114;15;3;0
990149410;1114;15;6;0
924627271;1114;15;6;0
899617762;1114;15;6;0
969084112;1114;16;2;0
996269167;1114;21;1;0
969372061;1114;21;1;0
932107325;1114;22;1;0
969800802;1114;29;2;0
928312658;1114;29;2;0
970531696;1114;29;3;0
994110934;1114;29;5;0
921327420;1114;29;6;0
969373750;1114;30;1;0
992608552;1114;30;1;0
989229958;1114;30;2;0
977522005;1114;30;4;0
917954143;1114;30;5;0
986618392;1114;30;6;0
969145960;1114;30;6;0
977536189;1114;31;1;0
969084139;1114;31;3;0
922288143;1114;31;5;0
982794064;1114;31;18;0
969084104;1114;31;19;0
976541715;1114;32;1;0
916490984;1114;32;2;0
878664922;1114;32;3;0
970394591;1114;32;4;0
980520927;1114;32;31;0
930976725;1114;32;31;0
894302712;1114;33;1;0
824636362;1114;33;2;0
985226342;1114;33;17;0
971511273;1114;33;17;0
969083256;1114;33;60;0
918354883;1114;33;60;0
883141342;1114;33;138;0
992767456;1114;33;231;0
986381414;1114;33;264;0
985299579;1114;34;1;0
969498413;1114;34;2;0
970237682;1114;34;4;0
914468590;1114;34;5;0
969444666;1114;34;7;0
920145574;1114;34;7;0
994848577;1114;35;2;0
925047082;1114;35;5;0
969795531;1114;35;7;0
969409275;1114;35;11;0
997470389;1114;35;12;0
969084554;1114;36;1;0
969171570;1114;37;1;0
985421129;1114;38;1;0
996239306;1114;38;1;0
982798345;1114;38;2;0
913632524;1114;38;11;0
920045782;1114;38;11;0
977170656;1114;39;1;0
986339973;1114;39;4;0
938752648;1114;40;1;0
896256742;1114;40;2;0
969189534;1114;41;1;0
999085954;1114;41;2;0
969407876;1114;41;3;0
923354816;1114;41;8;0
970388621;1114;42;1;0
924417684;1114;42;3;0
969941112;1114;43;1;0
969819015;1114;43;3;0
971192747;1114;43;6;0
992798564;1114;43;12;0
869171352;1114;44;2;0
970346325;1114;44;3;0
969189615;1114;45;1;0
980996859;1114;45;2;0
992406402;1114;45;3;0
969372614;1114;45;3;0
992451076;1114;45;6;0
969500655;1114;45;8;0
974479508;1114;48;1;0
969801027;1114;48;2;0
982708478;1114;48;3;0
992044772;1114;48;4;0
969801035;1114;48;7;0
920066038;1114;48;12;0
912810607;1114;50;1;0
993727911;1114;50;2;0
971235330;1114;50;8;0
920195032;1114;50;9;0
969084082;1114;52;1;0
916449445;1114;52;2;0
969799138;1114;52;3;0
911960028;1114;52;9;0
916475713;1114;53;1;0
977253128;1114;53;2;0
912660877;1114;53;4;0
969373769;1114;54;1;0
889447672;1114;54;2;0
990765871;1114;54;3;0
891963912;1114;55;1;0
983136869;1114;55;2;0
986172912;1114;55;3;0
969269910;1114;55;4;0
986172874;1114;56;1;0
970114262;1114;56;3;0
990634653;1114;56;4;0
970392211;1114;57;1;0
969082446;1114;58;1;0
982804833;1114;58;2;0
969504014;1114;59;1;0
985231214;1114;59;9;0
969170930;1114;59;10;0
997718232;1114;60;1;0
920168884;1114;60;2;0
916323581;1114;60;2;0
884078822;1114;60;3;0
974392585;1114;60;5;0
916376928;1114;61;1;0
970113371;1114;61;2;0
969084589;1114;61;3;0
985239347;1114;61;4;0
969579278;1114;61;6;0
916478291;1114;61;7;0
994926896;1114;61;9;0
969080915;1114;61;12;0
996644642;1114;63;1;0
977381037;1114;63;4;0
888259872;1114;63;5;0
997383982;1114;64;1;0
981208242;1114;64;2;0
987883715;1114;64;3;0
924398752;1114;65;1;0
969503018;1114;65;6;0
995900270;1114;66;1;0
969170957;1114;66;1;0
973053574;1114;66;2;0
969241722;1114;66;3;0
982275415;1114;66;4;0
921534175;1114;66;8;0
969933098;1114;66;8;0
928189260;1114;67;1;0
970557733;1114;67;5;0
985221383;1114;68;1;0
932520575;1114;68;1;0
990601542;1114;68;1;0
982849195;1114;68;2;0
995830760;1114;68;4;0
920593755;1114;68;9;0
989837664;1114;70;5;0
922157847;1114;70;8;0
989834908;1114;71;1;0
994929380;1114;71;2;0
988840122;1114;72;1;0
869503142;1114;73;1;0
969307421;1114;73;6;0
976785150;1114;74;1;0
921177569;1114;74;2;0
830027742;1114;75;1;0
971192925;1114;75;1;0
979663080;1114;76;1;0
985341257;1114;76;2;0
816060702;1114;77;1;0
983633420;1114;77;2;0
921888139;1114;77;4;0
923713735;1114;77;4;0
980930696;1114;77;6;0
988818038;1114;77;8;0
970398457;1114;78;1;0
987734787;1114;78;3;0
989367196;1114;78;5;0
969084120;1114;79;1;0
992327693;1114;80;1;0
921020295;1114;80;2;0
920054625;1114;80;6;0
982978629;1114;80;7;0
925481793;1114;81;1;0
920177093;1114;81;2;0
923535993;1114;81;3;0
926100750;1114;81;4;0
969799723;1114;81;7;0
869407542;1114;81;12;0
981415515;1114;81;13;0
920630995;1114;81;13;0
990970203;1114;99999;3031;0
911649691;1114;99999;3131;0
877237982;1119;1;2;0
983357296;1119;1;5;0
984184395;1119;1;6;0
977370906;1119;1;7;0
976470176;1119;1;8;0
871060762;1119;1;9;0
887576572;1119;1;11;0
994927329;1119;1;14;0
932825155;1119;1;14;0
984936435;1119;1;16;0
975960196;1119;1;16;0
987839759;1119;2;1;0
913010566;1119;3;2;0
969270757;1119;3;2;0
983369138;1119;3;7;0
985666857;1119;3;14;0
960434234;1119;3;22;0
969371650;1119;4;1;0
987618337;1119;4;5;0
987653353;1119;4;8;0
969372584;1119;4;10;0
985237743;1119;4;10;0
985321175;1119;4;18;0
985256071;1119;4;21;0
977100534;1119;4;25;0
920237606;1119;5;4;0
987649933;1119;5;4;0
995339501;1119;5;6;0
896454072;1119;5;17;0
969409011;1119;5;17;0
969372878;1119;5;20;0
991592962;1119;5;20;0
869443182;1119;5;24;0
979814577;1119;5;35;0
979411499;1119;5;44;0
991127704;1119;5;52;0
969306751;1119;5;56;0
927987724;1119;5;56;0
990152926;1119;5;57;0
890924832;1119;5;58;0
986659897;1119;5;92;0
992636327;1119;5;125;0
979483619;1119;6;1;0
974370115;1119;6;2;0
969794985;1119;6;4;0
924342757;1119;7;1;0
969806363;1119;7;2;0
883385632;1119;7;2;0
930222526;1119;7;2;0
930696382;1119;7;3;0
969270722;1119;7;4;0
994666711;1119;7;5;0
969081202;1119;7;6;0
992866934;1119;7;6;0
931908618;1119;7;11;0
912178846;1119;7;11;0
969500736;1119;7;30;0
969372169;1119;7;33;0
980799964;1119;7;33;0
979187769;1119;7;33;0
999662641;1119;8;1;0
921978197;1119;8;4;0
914736412;1119;8;5;0
970904247;1119;8;24;0
997765281;1119;8;28;0
933617831;1119;8;29;0
969242427;1119;8;30;0
982398886;1119;8;32;0
969502283;1119;8;38;0
997774140;1119;8;39;0
977288762;1119;8;47;0
984132697;1119;8;50;0
992447273;1119;8;50;0
993948772;1119;10;1;0
999322247;1119;10;4;0
990859892;1119;10;5;0
969209004;1119;11;1;0
869081892;1119;11;2;0
969795442;1119;11;4;0
986736581;1119;11;6;0
984766246;1119;11;7;0
969306522;1119;11;8;0
992113847;1119;11;10;0
981085833;1119;11;11;0
913010523;1119;11;12;0
997804821;1119;11;14;0
969190648;1119;12;1;0
919285540;1119;12;2;0
969241544;1119;12;3;0
969939452;1119;12;4;0
916479298;1119;12;5;0
918542043;1119;12;6;0
969371294;1119;12;8;0
969305739;1119;12;12;0
983081576;1119;12;13;0
994813579;1119;13;3;0
916500092;1119;13;3;0
987656549;1119;13;5;0
993518913;1119;13;8;0
969939347;1119;13;8;0
969802651;1119;14;3;0
982988500;1119;14;4;0
982506948;1119;15;1;0
980665534;1119;15;2;0
869190322;1119;15;9;0
970976612;1119;15;15;0
977078733;1119;15;21;0
813009412;1119;16;1;0
982928311;1119;16;5;0
969242370;1119;16;6;0
982982693;1119;16;6;0
999645836;1119;16;8;0
991859950;1119;16;8;0
969241749;1119;16;10;0
931261290;1119;16;11;0
889112832;1119;16;11;0
984551215;1119;16;13;0
986665072;1119;16;17;0
920773427;1119;17;1;0
976715756;1119;17;1;0
920910904;1119;17;1;0
933121623;1119;17;1;0
969171252;1119;17;2;0
974395665;1119;17;4;0
980809439;1119;17;5;0
998050421;1119;17;6;0
982039738;1119;17;6;0
929611799;1119;17;18;0
986975187;1119;18;2;0
990697027;1119;18;3;0
970340866;1119;18;5;0
973053671;1119;19;2;0
970347186;1119;19;5;0
980450260;1119;19;7;0
976101189;1119;19;8;0
912896714;1119;19;11;0
987656522;1119;19;12;0
884736862;1119;19;26;0
971098767;1119;19;31;0
914356407;1119;20;3;0
970403442;1119;21;3;0
969085186;1119;21;7;0
921955685;1119;23;1;0
969083965;1119;23;2;0
871179972;1119;23;3;0
930575437;1119;23;3;0
969498774;1119;23;5;0
969209306;1119;23;12;0
879796512;1119;23;13;0
892253242;1119;23;13;0
982293537;1119;23;18;0
982106907;1119;24;1;0
969409364;1119;24;3;0
912641368;1119;24;4;0
989299808;1119;24;5;0
970283846;1119;24;6;0
982988446;1119;24;6;0
981478894;1119;24;7;0
888131922;1119;24;9;0
990653070;1119;24;12;0
976003543;1119;24;12;0
881587882;1119;24;13;0
894234172;1119;24;26;0
885256112;1119;24;30;0
970270329;1119;24;31;0
913251628;1119;24;31;0
885209432;1119;25;185;0
969503689;1119;26;3;0
916378912;1119;26;4;0
981161521;1119;26;5;0
980810143;1119;26;7;0
920181198;1119;26;13;0
932560658;1119;26;15;0
918371710;1119;26;16;0
969083620;1119;26;20;0
995990881;1119;26;39;0
933856445;1119;26;53;0
997396480;1119;26;55;0
986397213;1119;26;94;0
921248318;1119;26;236;0
980809420;1119;26;314;0
995105896;1119;26;656;0
911931257;1119;27;1;0
986436987;1119;27;2;0
913000838;1119;27;3;0
969080443;1119;28;1;0
916489579;1119;28;2;0
990659265;1119;28;3;0
992107413;1119;28;6;0
990143250;1119;28;10;0
985573867;1119;28;11;0
914486424;1119;28;12;0
920044395;1119;29;5;0
969081539;1119;30;1;0
927833174;1119;30;2;0
981465547;1119;30;2;0
916715994;1119;30;3;0
882519392;1119;31;2;0
979480245;1119;31;3;0
994962280;1119;31;6;0
993867977;1119;31;6;0
995088363;1119;31;7;0
973196812;1119;31;9;0
980517659;1119;31;9;0
969500922;1119;31;11;0
817763812;1119;31;12;0
969807386;1119;31;12;0
922866686;1119;31;23;0
970369341;1119;32;1;0
991173633;1119;32;3;0
995850737;1119;32;3;0
913076613;1119;32;5;0
986399283;1119;32;13;0
985269432;1119;33;1;0
913010558;1119;35;1;0
987653310;1119;35;2;0
980499138;1119;35;2;0
993360317;1119;35;4;0
921357958;1119;35;4;0
969080044;1119;35;11;0
992600802;1119;35;23;0
911830868;1119;36;1;0
969083760;1119;37;1;0
918324364;1119;37;3;0
896570382;1119;38;1;0
981876687;1119;38;3;0
985273200;1119;38;4;0
992592192;1119;38;4;0
913676785;1119;38;8;0
986402284;1119;38;9;0
912993345;1119;39;1;0
984183852;1119;39;2;0
993265047;1119;39;3;0
990729352;1119;39;7;0
989298607;1119;39;9;0
881499592;1119;39;10;0
977548241;1119;40;1;0
916512856;1119;40;2;0
986627472;1119;40;7;0
899108272;1119;40;7;0
985239959;1119;40;8;0
969243156;1119;40;17;0
986469435;1119;40;17;0
980411273;1119;41;1;0
969817772;1119;41;2;0
993630055;1119;41;5;0
969373564;1119;41;16;0
887675252;1119;41;16;0
989982133;1119;42;1;0
990036764;1119;42;1;0
930119326;1119;42;2;0
913897161;1119;42;2;0
997896564;1119;42;16;0
870532172;1119;42;19;0
916843879;1119;42;20;0
970244980;1119;42;21;0
988814040;1119;42;21;0
970237992;1119;42;27;0
984963637;1119;42;31;0
970390855;1119;42;31;0
893458212;1119;42;83;0
984020112;1119;42;83;0
969171236;1119;42;86;0
869932922;1119;42;87;0
976715810;1119;42;90;0
986946136;1119;42;90;0
989493264;1119;42;126;0
986010173;1119;42;816;0
917801851;1119;43;3;0
969370816;1119;43;13;0
979642695;1119;43;15;0
974377160;1119;44;11;0
884005752;1119;44;16;0
986327541;1119;45;1;0
818305842;1119;45;2;0
826183942;1119;45;12;0
991355006;1119;45;13;0
920177220;1119;45;14;0
969083434;1119;45;15;0
919974974;1119;45;16;0
992388455;1119;45;17;0
981400992;1119;45;18;0
969806002;1119;45;25;0
975868184;1119;45;25;0
826467932;1119;45;27;0
996373517;1119;45;29;0
986920102;1119;45;29;0
971643811;1119;45;31;0
996638073;1119;45;35;0
997304349;1119;45;37;0
919988673;1119;46;1;0
984941560;1119;46;2;0
920593054;1119;46;7;0
970448411;1119;46;7;0
979218826;1119;46;8;0
969307790;1119;46;14;0
985269580;1119;46;21;0
993760196;1119;47;1;0
889024682;1119;47;3;0
932461420;1119;47;3;0
919186194;1119;47;3;0
984130449;1119;47;3;0
987664495;1119;47;6;0
921755155;1119;47;7;0
998175402;1119;47;8;0
969269805;1119;48;1;0
970563814;1119;49;1;0
926592688;1119;50;1;0
880414402;1119;51;1;0
985010714;1119;51;3;0
923078894;1119;51;3;0
987763566;1119;51;4;0
829017202;1119;51;14;0
981449851;1119;51;18;0
919168609;1119;51;20;0
997008308;1119;51;23;0
869933392;1119;51;35;0
970299238;1119;51;41;0
975960498;1119;51;49;0
979626355;1119;52;1;0
974533200;1119;52;3;0
984763913;1119;52;5;0
894973412;1119;52;5;0
984513674;1119;52;5;0
992171995;1119;52;6;0
984748639;1119;52;6;0
932713829;1119;52;7;0
994566237;1119;52;7;0
979146914;1119;52;9;0
969802473;1119;53;1;0
988419664;1119;53;2;0
986331840;1119;53;2;0
984744668;1119;54;1;0
969083655;1119;54;2;0
980416569;1119;54;3;0
989995308;1119;54;3;0
969499657;1119;54;21;0
912098826;1119;54;21;0
917486271;1119;54;25;0
990732345;1119;55;1;0
984130481;1119;55;2;0
977202299;1119;55;3;0
974539918;1119;55;5;0
974905701;1119;55;6;0
881448912;1119;55;8;0
980052311;1119;55;9;0
992299568;1119;55;13;0
987656271;1119;55;16;0
979665423;1119;56;1;0
969939894;1119;56;3;0
913041615;1119;57;2;0
870388632;1119;57;3;0
985066396;1119;57;9;0
885884342;1119;57;10;0
925993344;1119;57;11;0
992920467;1119;57;12;0
971141247;1119;58;1;0
979678053;1119;58;3;0
993474282;1119;58;5;0
913364996;1119;59;2;0
918055320;1119;59;2;0
985142912;1119;59;5;0
813130572;1119;59;9;0
988932450;1119;59;10;0
931676792;1119;59;13;0
986900918;1119;59;13;0
979645457;1119;59;13;0
990694230;1119;59;16;0
995123916;1119;59;17;0
869170992;1119;59;27;0
990920966;1119;59;27;0
970567550;1119;59;39;0
932179032;1119;59;45;0
913202635;1119;59;45;0
979804202;1119;59;53;0
920376592;1119;59;56;0
989814923;1119;59;77;0
975259218;1119;59;78;0
921625154;1119;59;81;0
999132588;1119;59;84;0
998637872;1119;59;85;0
928094863;1119;59;120;0
969503816;1119;62;2;0
882726592;1119;62;2;0
978617395;1119;62;3;0
995180014;1119;62;4;0
998009766;1119;62;5;0
912992896;1119;63;1;0
971193026;1119;63;3;0
887701482;1119;64;2;0
981656296;1119;64;2;0
932836785;1119;64;3;0
970237739;1119;64;11;0
988463140;1119;64;12;0
998009804;1119;64;13;0
992132868;1119;64;15;0
985230080;1119;64;17;0
982818184;1119;64;18;0
982759668;1119;65;2;0
983529704;1119;66;1;0
992172061;1119;66;3;0
969373726;1119;67;1;0
957455255;1119;67;1;0
996341534;1119;67;2;0
969190370;1119;67;6;0
917467617;1119;67;7;0
969242443;1119;67;7;0
990696217;1119;67;8;0
913979133;1119;68;1;0
977562783;1119;68;6;0
970443789;1119;68;7;0
984866526;1119;68;7;0
895257532;1119;68;23;0
969307871;1119;68;25;0
979436645;1119;68;28;0
986912541;1119;69;2;0
985015783;1119;69;2;0
969372207;1119;69;2;0
969243148;1119;69;3;0
969085305;1119;69;4;0
929067649;1119;69;7;0
970392181;1119;69;12;0
914467969;1119;69;12;0
981712706;1119;70;1;0
969802562;1119;70;3;0
987648481;1119;70;4;0
926013807;1119;70;5;0
924881860;1119;70;6;0
980426033;1119;70;7;0
982369800;1119;70;14;0
918967605;1119;70;15;0
987581344;1119;70;16;0
987653388;1119;70;17;0
925055743;1119;71;1;0
980708616;1119;71;1;0
979730896;1119;71;6;0
929281829;1119;71;6;0
969802783;1119;71;8;0
980536130;1119;71;9;0
987648686;1119;71;10;0
999347975;1119;71;10;0
999277012;1119;71;10;0
989313509;1119;71;11;0
880733052;1119;71;13;0
982978637;1119;71;16;0
884291852;1119;72;1;0
969933810;1119;72;2;0
813011182;1119;72;3;0
984106513;1119;72;3;0
970270272;1119;72;3;0
989798006;1119;72;3;0
990951993;1119;73;1;0
997708148;1119;76;1;0
820063902;1119;76;2;0
970452966;1119;76;10;0
969145863;1119;76;11;0
985241260;1119;76;14;0
971196408;1119;76;20;0
912997073;1119;76;89;0
922877963;1119;76;93;0
999120601;1119;76;187;0
969798573;1119;77;1;0
975868834;1119;77;57;0
932008513;1119;77;57;0
988932485;1119;78;1;0
998692733;1119;78;4;0
969801507;1119;79;4;0
982818028;1119;79;5;0
988396494;1119;79;6;0
923947043;1119;79;8;0
986738029;1119;79;10;0
921816464;1119;79;24;0
922197903;1119;80;1;0
992225572;1119;80;1;0
998865557;1119;80;1;0
988669660;1119;80;3;0
914739667;1119;80;4;0
975875628;1119;81;1;0
920626726;1119;81;2;0
984176120;1119;81;2;0
969269821;1119;81;4;0
969080419;1119;81;9;0
969798565;1119;82;1;0
996384209;1119;82;3;0
988742406;1119;82;4;0
928466507;1119;82;6;0
875824422;1119;83;1;0
987653345;1119;83;7;0
920045057;1119;83;10;0
931235680;1119;84;2;0
999223885;1119;84;3;0
914005167;1119;84;4;0
994639242;1119;84;6;0
983255566;1119;86;7;0
969814781;1119;87;1;0
970346538;1119;89;3;0
920960626;1119;92;1;0
970115625;1119;93;2;0
969270242;1119;93;3;0
927248603;1119;95;1;0
986423621;1119;95;53;0
869504092;1119;95;58;0
984175183;1119;95;60;0
930256307;1119;95;61;0
969269813;1119;95;201;0
981209621;1119;96;1;0
984803303;1119;96;2;0
969370476;1119;97;1;0
918482113;1119;97;1;0
928220265;1119;98;3;0
979370946;1119;100;1;0
985264228;1119;101;1;0
969795132;1119;101;1;0
998766338;1119;102;1;0
969499983;1119;102;1;0
913570510;1119;102;2;0
991831738;1119;102;2;0
914990734;1119;102;13;0
894781262;1119;103;2;0
993544256;1119;103;3;0
970154337;1119;103;3;0
927801159;1119;103;4;0
969797674;1119;103;8;0
979667698;1119;103;11;0
997806174;1119;104;1;0
937895321;1119;105;1;0
969370468;1119;105;1;0
969307464;1119;105;3;0
977110483;1119;105;8;0
989868349;1119;106;1;0
979226187;1119;107;1;0
970112480;1119;107;4;0
911620855;1119;108;1;0
986337393;1119;108;39;0
917876231;1119;108;39;0
997947231;1119;109;1;0
996020126;1119;109;5;0
969580233;1119;110;1;0
969796503;1119;110;4;0
913010396;1119;110;4;0
869306002;1119;111;1;0
991912371;1119;111;1;0
999543731;1119;111;3;0
992022167;1119;111;4;0
999162770;1119;111;5;0
895071072;1119;111;8;0
998239249;1119;111;9;0
955862104;1119;111;11;0
916531214;1119;111;11;0
920446957;1119;111;15;0
922105758;1119;111;19;0
889884452;1119;112;2;0
981678923;1119;112;2;0
969802589;1119;112;4;0
992161507;1119;114;1;0
931154656;1119;114;1;0
989278320;1119;114;1;0
986327533;1119;114;2;0
969084996;1119;115;1;0
987517360;1119;115;5;0
912641155;1119;115;9;0
924398833;1119;115;9;0
812891022;1119;115;21;0
920134688;1119;115;26;0
985249385;1119;116;1;0
929912438;1119;116;1;0
969085062;1119;116;3;0
986438882;1119;116;4;0
996093689;1119;116;7;0
985256608;1119;116;20;0
995022737;1119;116;21;0
912993302;1119;117;1;0
920181228;1119;117;2;0
913505115;1119;117;4;0
971053062;1119;117;6;0
916350953;1119;118;1;0
969581515;1119;118;2;0
996358100;1119;118;4;0
988990825;1119;118;5;0
969085593;1119;118;5;0
929360249;1119;118;19;0
982197678;1119;118;21;0
969809931;1119;119;1;0
976470370;1119;119;1;0
925076988;1119;119;4;0
916283814;1119;119;5;0
922638594;1119;119;5;0
986315152;1119;120;1;0
970490426;1119;121;2;0
922913552;1119;121;2;0
975911209;1119;124;1;0
999296785;1119;99999;3051;0
954359522;1119;99999;3091;0
916661681;1120;1;7;0
954284123;1120;1;712;0
969190230;1120;2;1;0
969580551;1120;2;4;0
923238913;1120;2;10;0
977128226;1120;3;1;0
982565618;1120;3;6;0
996748693;1120;3;6;0
970447032;1120;3;6;0
979487967;1120;3;9;0
982922895;1120;3;13;0
977227569;1120;3;13;0
883217322;1120;3;15;0
912266303;1120;3;16;0
926376594;1120;3;19;0
969307820;1120;3;21;0
986659528;1120;3;26;0
854451022;1120;3;48;0
976041712;1120;4;1;0
991895876;1120;4;2;0
833018892;1120;4;2;0
833212532;1120;4;9;0
983250602;1120;4;9;0
974500957;1120;5;3;0
994853619;1120;5;5;0
932778521;1120;6;4;0
869306622;1120;6;17;0
981226682;1120;6;18;0
991705503;1120;6;19;0
986950613;1120;6;19;0
927791765;1120;6;43;0
974778483;1120;7;1;0
986479023;1120;7;3;0
986468994;1120;7;4;0
920380603;1120;7;8;0
975896862;1120;7;11;0
982322596;1120;8;1;0
885303862;1120;8;2;0
985869332;1120;8;3;0
869083682;1120;8;8;0
929332733;1120;8;15;0
986522824;1120;8;15;0
969443341;1120;9;2;0
969209322;1120;9;3;0
987558652;1120;9;4;0
975945545;1120;9;8;0
969271761;1120;9;17;0
995021927;1120;9;34;0
927031787;1120;9;34;0
974766795;1120;9;134;0
995945614;1120;10;4;0
870489862;1120;10;4;0
891946732;1120;11;1;0
984891180;1120;11;1;0
969804603;1120;11;2;0
930630578;1120;11;3;0
969080710;1120;11;6;0
969803208;1120;11;7;0
969306611;1120;12;3;0
986716572;1120;13;2;0
977170737;1120;13;5;0
982374456;1120;14;1;0
982754283;1120;14;1;0
969502380;1120;14;2;0
